session_id,age,gender,attention_check,nfc_01,nfc_02r,nfc_03r,nfc_04,nfc_05,nfc_06r
7385046,19,female,1,3,4,4,3,2,3
7385155,18,female,1,1,2,5,1,3,2
7391990,18,female,1,5,5,1,5,5,5
7392153,18,female,0,4,4,4,1,1,1
7392233,18,female,1,2,2,2,3,4,2
7392698,24,male,0,4,3,4,2,3,2
7392875,18,female,1,4,1,2,5,4,2
7397218,19,male,1,2,4,3,2,3,2
7397377,20,female,0,3,2,4,3,3,4
7397497,18,female,1,3,2,4,3,4,4
7399330,19,female,1,3,2,4,3,2,2
7399569,18,female,1,2,3,5,2,1,3
7407138,20,female,1,2,3,4,3,3,2
7407324,21,female,1,3,2,3,2,2,2
7407467,18,female,1,4,4,4,2,2,2
7408019,18,male,1,2,3,2,2,3,4
7413094,18,female,1,5,1,3,3,3,2
7413208,19,female,1,3,4,2,2,4,3
7413320,18,female,0,3,2,3,3,4,3
7415180,18,female,1,3,4,3,2,3,4
7415265,18,female,0,1,1,4,5,1,2
7415371,18,female,1,2,4,5,1,3,4
7420043,NA,male,1,3,4,2,3,4,2
7420112,18,female,1,2,3,2,1,4,4
7420211,18,male,1,2,2,4,4,2,2
7422970,18,female,1,4,2,3,4,4,5
7423114,20,female,1,3,4,2,4,2,3
7423644,18,female,0,3,4,4,4,4,3
7423839,18,female,1,1,2,5,1,4,4
7423937,19,female,1,3,2,2,3,4,2
7424023,18,female,0,3,2,2,3,3,2
7428326,18,female,1,2,2,2,4,2,2
7428391,18,male,1,4,3,4,3,3,4
7428509,20,female,0,3,2,2,3,5,4
7437628,18,female,0,2,2,2,3,4,2
7437746,18,male,0,5,1,4,4,5,2
7437914,18,female,0,4,2,3,4,5,1
7476385,18,female,1,3,2,2,4,4,2
7476448,19,male,1,2,2,4,3,3,4
7476582,18,female,1,4,2,4,2,2,2
7480987,19,male,1,2,3,4,3,4,3
7481180,21,male,1,3,1,4,5,4,1
7483576,18,female,0,2,2,4,2,4,4
7490083,19,male,1,1,4,4,3,3,2
7490187,18,female,1,2,3,2,4,4,2
7490630,18,female,1,2,2,5,2,3,4
7490764,19,female,1,2,2,4,4,5,5
7490892,18,female,0,2,2,4,2,3,4
7492474,18,female,1,4,1,4,2,5,2
7492594,20,female,0,4,2,4,4,2,1
7381253,19,male,1,4,2,4,3,2,2
7507419,19,female,0,2,4,4,3,4,2
7510340,19,female,1,3,2,4,2,4,3
7510509,19,female,0,3,2,4,2,4,2
7510835,18,female,1,3,4,5,3,3,3
7511106,20,female,1,2,2,4,3,3,3
7522086,18,female,1,4,2,4,3,2,2
7522273,18,female,1,4,2,3,2,3,4
7522428,18,female,1,4,2,4,5,4,3
7530101,18,female,1,2,2,4,2,3,2
7530224,18,female,0,3,4,3,3,3,3
7381395,18,female,1,4,1,3,4,4,2
7530306,19,male,0,2,5,4,3,3,4
7538612,19,male,1,2,2,4,5,4,2
7538656,18,female,1,2,4,4,3,2,4
7543283,18,female,1,2,3,4,2,3,4
7543398,19,female,1,5,2,3,4,1,3
7543488,19,female,0,5,5,5,5,5,5
7543902,18,female,1,3,2,2,3,3,2
7551853,26,female,0,2,2,2,3,4,2
7551910,18,male,0,3,3,3,2,3,3
7381507,19,male,0,2,3,4,2,2,4
7552032,18,female,1,1,3,4,3,1,2
7556602,18,female,1,2,4,4,3,4,4
7375800,20,female,1,2,2,3,3,3,2
7384896,18,female,1,4,3,3,2,3,3
7404218,18,female,0,3,2,4,4,4,1
7543842,19,female,1,2,3,4,2,3,2
7408123,18,female,1,2,4,2,3,5,2
7384974,27,female,1,3,1,3,4,4,3
7481081,18,female,0,3,2,2,4,4,2
7404018,18,female,0,3,4,5,3,2,4
7408224,18,female,1,2,4,3,2,4,2
7481274,18,female,1,3,3,3,3,4,2
7404455,19,female,1,4,1,3,3,4,2
7404845,18,female,0,4,2,3,2,4,4
7598409,20,female,1,4,3,2,4,4,2
7598835,18,male,1,NA,NA,NA,NA,NA,NA
7598774,19,female,1,3,2,4,3,3,4
7598755,23,female,1,3,2,2,4,4,2
7599067,18,male,0,4,2,4,2,4,4
7599037,18,female,0,2,1,3,4,3,5
7604387,18,female,1,2,3,4,4,2,4
7604485,19,female,1,2,4,3,2,3,2
7604375,19,female,1,2,1,4,4,4,3
7604755,19,female,0,3,2,4,3,3,2
7404873,18,female,1,4,2,2,3,4,2
7604690,18,male,1,2,3,5,2,2,2
7604894,18,female,0,4,2,4,2,4,4
7604772,19,male,1,3,1,3,4,3,2
7605052,20,male,1,NA,4,5,5,3,3
7605044,20,female,0,3,3,3,3,3,3
7613349,18,female,0,3,3,3,2,2,4
7613352,18,female,0,4,2,3,3,4,2
7613332,18,female,1,3,5,4,5,5,2
7613503,19,female,0,1,4,4,4,4,2
7613694,19,female,1,2,4,4,4,3,2
7404938,18,female,1,3,1,4,4,3,2
7613819,19,male,0,5,2,2,4,4,4
7404931,18,female,1,4,1,4,1,4,4
7404943,19,female,1,1,3,3,3,2,3
7407923,18,female,1,3,3,4,4,4,3
7407902,19,female,1,2,2,3,2,1,3
7408039,19,female,1,3,3,5,3,2,2
7408043,18,female,1,2,2,4,2,4,2
7404471,19,female,0,3,2,2,3,4,2
7408129,NA,female,1,NA,NA,4,1,3,2
7408132,18,male,0,2,3,1,4,3,4
7408134,18,male,1,4,1,2,3,4,2
7408206,18,female,1,2,2,2,3,1,1
7408225,19,male,0,1,4,2,4,2,2
7408196,18,female,1,2,2,3,2,4,3
7408236,19,female,1,2,3,4,2,2,3
7408296,18,female,1,4,4,4,4,4,2
7404492,19,female,0,2,3,4,3,3,2
7451820,18,female,1,5,4,4,1,3,5
7451824,18,male,0,3,2,5,3,3,2
7451981,20,female,0,3,3,4,3,3,4
7452161,21,female,1,4,2,3,4,4,2
7452235,18,female,1,4,3,4,4,5,2
7452213,18,male,0,2,2,5,2,4,3
7452323,20,female,0,3,1,2,4,4,2
7452317,19,female,1,2,2,2,4,4,2
7452371,19,female,1,2,2,4,3,4,3
7452456,19,female,1,1,2,3,3,5,1
7452505,18,female,1,4,2,4,2,4,2
7452487,18,female,0,3,3,3,3,2,2
7455165,18,female,1,4,2,2,2,3,4
7455169,19,male,1,4,2,3,3,4,3
7455127,21,female,1,2,1,2,3,4,3
7455240,18,female,1,2,3,4,3,2,2
7404644,18,female,1,2,4,4,3,3,4
7455219,19,female,0,2,5,2,3,4,3
7455304,18,female,0,2,3,3,3,3,2
7455310,18,female,0,1,4,5,2,2,4
7455262,18,female,0,3,2,4,4,5,3
7455369,21,female,0,4,2,5,5,3,2
7455387,18,female,1,4,3,4,5,4,1
7455375,18,female,0,4,2,4,4,4,4
7455434,19,female,1,2,4,4,2,2,2
7455453,18,female,1,3,2,2,2,4,2
7455455,18,female,0,3,3,4,4,4,3
7404626,18,female,1,2,4,4,2,2,4
7499173,18,male,0,4,2,2,4,4,3
7499175,NA,female,1,3,2,4,3,5,4
7499344,18,female,1,2,3,4,4,2,3
7499355,19,male,1,2,2,2,2,2,4
7499538,18,male,0,3,2,3,2,3,3
7499539,22,female,1,3,4,2,4,5,2
7501409,18,female,1,3,2,3,4,3,2
7501446,20,female,0,3,2,4,4,3,3
7502275,19,female,1,2,2,4,4,4,2
7404778,18,female,0,4,2,4,2,4,4
7502279,19,female,1,3,2,4,3,4,2
7502257,18,male,1,4,1,2,4,4,2
7502382,18,female,1,3,2,3,3,3,3
7502383,18,female,1,3,2,3,3,4,2
7502514,21,male,1,3,2,3,2,4,3
7549928,18,female,1,2,1,5,2,3,4
7549919,19,female,1,2,3,4,4,3,3
7549925,21,male,1,3,2,4,3,4,4
7550042,18,female,1,2,2,4,3,4,3
7550041,18,male,1,4,2,2,4,3,5
7404789,18,male,1,3,2,4,4,4,2
7550086,19,male,1,4,1,4,3,4,2
7550141,18,female,1,2,1,3,3,5,1
7550153,18,female,1,4,2,2,4,4,2
7550157,18,female,1,3,2,4,3,2,2
7550189,19,female,1,2,4,5,1,2,4
7552338,19,female,0,4,1,5,5,5,1
7552296,21,female,1,3,3,4,2,4,3
7552432,19,female,1,3,2,4,3,5,3
7552429,18,female,1,3,3,4,2,5,2
7552445,20,female,0,3,2,2,3,4,2
7404824,18,male,0,4,5,5,5,4,2
7552377,18,female,1,4,5,5,1,1,4
7552515,20,male,1,2,2,2,4,4,1
7552518,19,female,1,2,2,4,2,4,2
7552555,19,female,1,2,4,4,3,2,3
7552580,21,female,1,4,1,3,4,4,1
7597722,20,female,1,3,3,2,3,4,3
7598062,20,female,1,2,2,5,3,2,3
7598107,18,female,1,2,4,4,3,1,2
7499191,19,female,1,2,4,5,3,2,4
7407886,19,male,1,3,3,2,4,3,4
7408078,18,female,1,4,2,3,2,4,2
7613575,20,female,1,3,NA,4,3,3,4
7404620,19,female,1,3,2,4,2,2,2
7452028,18,female,1,4,2,4,2,5,2
7597712,NA,NA,0,NA,NA,NA,NA,NA,NA
7451822,18,female,0,4,3,4,2,2,4
7452023,18,male,0,1,2,4,3,4,2
7597648,NA,NA,1,NA,NA,NA,NA,NA,NA
7404663,18,female,1,5,3,3,3,3,4
7409989,24,female,1,3,3,4,3,3,4
7410104,21,male,1,4,4,4,2,4,2
7412693,32,male,1,2,1,4,4,4,2
7413069,18,female,1,3,2,1,4,4,2
7414803,17,female,1,3,1,4,2,3,4
7414970,25,female,1,4,1,5,5,4,4
7428111,18,female,1,4,3,3,3,4,2
7431183,20,male,0,3,3,3,3,3,4
7434999,18,female,1,3,5,4,2,4,3
7404838,19,male,1,4,1,1,5,5,2
7437585,16,female,0,3,1,5,4,5,2
7446957,18,female,1,3,1,4,3,5,1
7451128,18,female,1,3,2,3,4,4,3
7452756,18,female,1,3,1,3,4,3,2
7470237,18,female,1,2,2,3,3,2,2
7470200,17,female,0,1,4,4,3,4,4
7474545,19,male,1,2,1,2,4,4,2
7483405,24,male,1,2,3,4,4,3,2
7404968,26,female,0,4,4,5,3,2,1
7487628,19,female,0,2,3,4,3,3,5
7539441,19,male,1,3,1,1,4,4,2
7550010,19,female,1,3,2,4,2,2,4
7552479,18,female,0,4,3,4,3,2,3
7578247,19,female,1,3,2,4,3,5,2
7578508,18,female,1,4,3,3,3,4,3
7580307,19,male,1,4,2,1,4,5,2
7580327,20,female,1,3,4,4,2,3,4
7602936,22,female,0,3,4,4,4,3,2
7608844,20,female,1,4,2,4,4,4,2
7609355,21,female,1,3,2,4,3,3,2
7624260,22,female,0,3,3,3,3,3,3
7624350,20,male,1,2,2,2,4,3,2
7624691,18,male,1,3,4,4,4,4,4
7625507,27,female,1,4,1,1,5,4,2
7625780,19,male,0,3,2,2,4,3,2
7406991,18,female,1,3,2,4,1,2,3
7407430,18,female,0,3,2,2,4,5,2
7409617,17,male,1,1,4,3,3,1,4
7409728,17,female,1,4,3,4,2,5,2
7624529,NA,NA,0,NA,NA,NA,NA,NA,NA
7392194,NA,NA,0,NA,NA,NA,NA,NA,NA
7459564,20,female,0,4,1,1,3,3,4
7406697,29,female,0,3,5,3,3,2,2
7428114,18,female,1,3,1,2,1,5,1
7563058,19,male,1,3,1,2,4,5,3
7563056,18,male,1,4,2,3,4,4,2
7567737,18,female,1,2,2,4,4,4,1
7570383,18,female,0,2,2,2,4,4,2
7572644,19,female,1,4,1,2,2,2,1
7572895,19,NA,0,2,1,3,4,4,3
7597254,19,female,1,4,1,3,4,4,2
7597251,18,male,1,2,3,4,3,3,2
7603012,19,female,1,2,2,4,5,5,1
7604009,21,male,1,4,4,4,3,3,3
7608008,21,female,1,3,2,2,4,4,2
7612148,21,male,1,3,2,2,4,4,2
7428643,18,female,1,2,2,2,2,2,4
7612813,20,male,1,2,4,2,1,2,4
7624548,18,female,1,3,2,4,3,2,5
7631394,19,male,1,2,4,5,2,4,4
7635879,19,female,0,2,4,3,3,4,2
7434910,18,female,1,2,2,4,3,2,4
7641260,21,male,1,4,2,3,3,4,2
7641263,18,female,1,3,2,4,3,4,3
7434913,21,female,1,3,4,NA,2,3,4
7437457,21,female,1,3,3,4,2,3,4
7438050,18,female,0,3,2,4,4,1,3
7438052,18,female,1,4,4,4,1,5,4
7440534,18,female,1,2,2,3,3,2,2
7444045,18,female,0,2,2,5,3,4,2
7444050,18,female,0,2,2,2,3,4,3
7444524,20,male,1,4,1,2,5,5,1
7451583,18,female,1,4,2,5,3,3,2
7451584,18,female,0,4,2,4,4,1,4
7454876,18,female,0,3,4,5,2,4,4
7457204,18,male,1,2,4,3,2,4,5
7457181,18,female,1,1,1,2,2,4,3
7459846,18,female,1,4,3,4,3,4,2
7459845,18,female,1,3,2,2,3,3,2
7460252,18,female,1,2,3,4,3,4,2
7467059,18,female,0,4,2,2,4,3,2
7467056,20,female,1,4,2,3,3,4,4
7469562,18,female,0,2,3,4,3,4,1
7469564,18,female,1,3,2,2,4,4,2
7469906,19,female,1,3,4,4,2,3,4
7472065,20,female,1,2,2,2,3,3,2
7472060,19,male,1,2,3,3,NA,NA,1
7474809,18,female,1,3,1,4,4,5,1
7474806,NA,female,1,3,4,4,4,3,2
7481172,18,female,1,4,2,2,4,5,1
7483491,20,female,1,4,2,2,4,2,2
7483878,18,female,1,3,2,3,4,3,2
7483843,18,female,1,3,2,3,3,4,2
7487071,20,female,1,2,4,4,2,1,4
7487057,18,female,0,3,4,2,4,4,5
7498837,19,female,1,4,4,2,4,5,1
7498835,18,female,1,2,4,3,2,2,5
7501564,21,male,1,2,1,2,3,3,2
7502033,21,female,1,4,2,3,4,4,4
7504293,19,female,1,3,2,2,3,4,2
7507052,19,female,0,3,2,5,5,5,1
7507530,22,female,1,1,2,3,4,2,4
7519078,20,male,1,2,2,2,4,4,2
7521947,19,female,0,1,3,3,3,3,3
7425502,20,female,1,2,2,4,2,2,3
7522709,21,female,1,2,2,3,4,5,3
7527141,19,female,1,2,3,3,2,4,2
7527182,NA,male,0,1,4,4,4,4,4
7529956,20,female,1,3,1,3,3,5,3
7536191,19,male,0,2,4,4,4,4,4
7536194,21,male,0,4,2,2,4,4,3
7425499,19,male,1,4,2,4,3,4,2
7538852,21,male,1,5,1,2,4,4,2
7541020,18,female,1,4,4,5,4,3,2
7540997,21,male,1,2,3,5,2,4,4
7543206,18,male,0,2,2,4,4,4,3
7543201,20,male,1,1,2,1,4,2,3
7543597,19,female,1,4,2,2,3,4,1
7543600,18,female,1,4,4,4,3,2,3
7549676,20,male,1,3,4,4,4,4,3
7552084,20,female,0,2,2,2,3,5,3
7551762,19,female,1,2,1,2,2,4,4
7556495,18,female,1,3,2,2,3,4,2
7556496,21,female,1,2,4,4,2,4,5
7556892,18,female,1,3,3,3,2,2,4
7530364,20,male,0,4,1,3,4,4,1
7530366,20,female,0,2,2,2,3,4,3
7483489,18,female,1,2,3,3,3,3,3
7554095,18,female,1,3,2,3,2,3,1
7554101,20,female,0,4,1,4,3,5,3
7504276,18,female,0,4,3,3,3,3,3
7444521,18,female,1,4,2,2,4,4,2
7657173,NA,NA,0,NA,NA,NA,NA,NA,NA
7538407,19,female,0,4,2,3,3,5,1
7611760,19,male,1,3,2,5,2,2,2
7611765,19,female,0,2,4,4,3,4,5
7611924,20,female,0,3,3,4,2,2,3
7611920,22,male,0,5,1,1,5,5,1
7611923,19,male,0,3,2,3,3,4,3
7611922,20,male,1,NA,3,3,3,3,3
7415130,20,male,1,2,4,2,3,4,3
7415126,18,female,0,4,4,2,3,4,2
7420116,20,female,1,3,2,1,4,3,2
7420134,18,female,0,3,4,4,2,3,3
7420092,19,male,1,4,2,2,3,3,2
7420118,19,male,0,2,2,4,4,3,4
7422630,19,female,0,2,2,4,3,4,4
7422624,18,female,1,5,3,5,3,4,2
7422627,18,male,1,3,2,4,3,2,2
7434715,18,female,1,2,2,4,4,2,3
7434707,18,female,1,2,3,4,4,4,2
7434710,18,male,0,4,2,3,2,2,1
7434711,18,female,1,2,2,4,4,4,2
7440468,18,female,1,3,4,4,2,4,2
7440466,18,female,0,4,2,2,3,2,2
7440469,21,female,1,2,4,4,2,2,3
7440459,18,female,1,4,2,3,4,5,2
7443367,19,male,0,NA,NA,NA,NA,NA,NA
7443365,19,male,0,3,4,4,3,4,3
7453963,19,female,1,2,4,3,4,4,2
7457169,19,female,0,1,3,5,3,5,1
7457168,19,male,0,2,2,2,3,3,3
7457167,18,female,1,3,2,2,3,4,3
7471970,19,female,1,3,2,4,4,5,2
7471974,18,female,1,3,3,4,2,3,4
7471971,19,female,0,3,4,4,4,4,4
7472158,18,male,1,3,2,3,4,5,2
7472168,20,male,1,3,2,2,3,4,2
7472156,19,female,0,2,2,3,3,4,1
7489722,20,male,1,3,2,4,4,2,2
7489720,18,male,0,2,2,4,3,4,2
7489719,18,male,0,3,2,2,3,3,2
7490108,18,female,0,3,3,4,1,3,2
7490107,18,female,0,2,3,5,3,2,2
7490105,18,female,1,3,2,2,4,4,2
7492766,18,female,0,4,2,2,3,3,1
7492764,18,female,0,4,2,2,4,4,4
7506850,20,male,0,3,2,4,3,3,4
7506847,19,male,0,4,3,4,3,3,3
7506846,19,male,0,1,1,1,1,1,1
7521718,19,male,1,3,2,4,3,3,5
7521712,18,male,0,3,2,4,3,3,3
7527149,18,male,1,1,3,3,3,3,3
7527144,19,female,1,4,1,4,5,5,3
7527145,18,female,0,3,4,4,1,2,3
7527148,18,female,1,4,3,5,2,3,3
7529887,19,female,1,3,2,4,3,3,4
7529890,19,female,1,4,4,5,3,2,2
7529889,18,female,0,4,2,2,2,4,3
7539290,18,female,0,4,2,4,2,2,2
7539287,19,male,1,4,1,3,3,4,4
7406842,19,male,1,3,1,4,4,3,3
7539289,19,male,0,1,1,4,1,2,5
7541664,19,female,1,3,3,3,4,2,2
7541668,19,male,0,2,2,4,4,5,1
7541667,19,male,1,4,2,4,3,3,1
7551534,19,male,0,2,4,2,4,4,4
7551528,19,male,0,4,1,2,4,4,1
7554005,19,female,0,3,3,NA,1,3,NA
7554655,20,male,0,2,3,3,4,3,3
7554663,18,male,0,3,1,3,4,4,2
7556289,18,female,1,3,2,5,2,3,4
7406839,21,female,0,4,4,3,3,3,3
7566783,18,female,1,2,3,4,3,2,4
7571108,18,male,0,2,2,4,2,2,4
7571105,19,female,0,4,3,4,2,2,4
7571104,19,male,0,2,4,3,2,4,4
7572457,19,male,0,4,1,4,3,4,2
7572493,19,male,0,4,4,4,3,2,3
7580466,18,female,0,2,2,3,3,3,3
7580467,18,female,1,4,3,3,3,4,4
7580465,18,female,0,2,3,2,2,2,2
7602592,18,female,0,3,4,4,2,2,2
7602593,19,female,0,4,4,3,3,4,2
7602589,19,female,1,3,2,3,3,4,3
7602800,21,female,0,4,4,2,3,4,1
7602799,19,female,0,4,4,3,3,3,4
7602802,21,male,0,4,2,4,4,4,4
7602813,19,male,0,5,5,5,5,5,2
7607934,18,female,0,5,5,5,5,5,5
7607935,20,male,0,3,2,4,4,4,2
7406836,18,female,1,2,2,2,2,2,4
7509394,18,female,0,4,3,2,4,3,3
7422628,18,female,1,3,4,4,4,5,3
7607936,20,female,0,3,4,3,3,3,4
7430534,NA,NA,0,NA,NA,NA,NA,NA,NA
7521716,18,male,0,2,2,4,2,4,4
7566764,20,male,0,2,2,2,4,4,3
7406840,18,male,1,4,2,3,3,4,2
7521713,18,female,0,3,4,4,4,4,4
7424103,21,female,1,3,2,4,4,4,2
7425130,18,male,1,2,4,2,2,5,1
7425169,19,male,1,4,2,4,2,4,4
7425297,20,female,1,2,2,2,3,4,2
7425495,19,male,1,4,2,5,3,3,2
7425568,20,female,0,3,4,4,2,3,2
7425709,20,male,0,NA,3,4,2,4,3
7425838,18,female,1,1,1,4,2,4,3
7426064,19,female,1,4,3,4,2,4,2
7426251,20,female,1,2,2,3,3,4,2
7412819,19,female,1,2,2,2,2,4,2
7426368,20,male,1,3,2,2,4,4,3
7427703,18,female,1,4,3,3,2,3,2
7427773,21,female,0,2,4,4,3,3,2
7427965,18,female,1,1,4,5,3,3,4
7428043,19,male,1,4,2,4,3,4,4
7428289,19,male,0,2,3,4,3,2,3
7428448,19,female,0,3,1,4,1,4,2
7428624,18,female,0,2,4,4,2,2,2
7429128,18,male,1,4,4,2,4,2,2
7429290,18,female,1,4,2,5,4,5,2
7429397,18,female,1,1,4,5,1,1,3
7430918,18,female,1,2,3,4,2,3,4
7412991,18,female,0,4,3,4,2,3,3
7431017,19,female,1,3,2,3,3,3,2
7431165,19,female,1,2,2,4,3,4,2
7518110,21,male,1,4,3,2,3,2,3
7518228,20,male,1,4,2,3,4,5,1
7518507,18,male,1,3,2,4,4,3,2
7518828,21,female,0,4,3,4,2,4,4
7519066,21,male,0,2,2,3,2,3,2
7519233,19,female,1,2,2,2,3,4,3
7521663,20,male,0,2,4,3,4,4,3
7521901,19,female,1,4,4,4,2,4,2
7522108,18,female,1,4,1,4,3,4,2
7522263,19,female,1,2,2,4,3,3,3
7413123,18,male,0,4,1,2,4,4,3
7522781,20,female,0,1,5,4,1,5,1
7524211,24,female,1,2,3,4,3,3,4
7526741,18,female,1,3,2,4,4,3,2
7527321,18,female,1,2,2,3,4,4,1
7527582,20,female,1,3,3,4,4,4,3
7527741,18,female,0,2,3,2,4,4,2
7529497,21,female,1,1,2,4,3,4,2
7529541,18,female,1,2,3,4,2,4,3
7529748,22,female,1,3,2,4,4,2,3
7530398,20,female,1,2,2,4,3,4,2
7530510,18,female,1,3,4,4,3,3,3
7530735,18,female,1,2,2,4,3,2,4
7530877,19,female,0,4,4,3,4,4,2
7413324,20,male,1,3,2,3,4,5,2
7532104,22,female,0,4,2,3,4,3,1
7532197,18,female,1,2,3,4,3,2,3
7532304,21,female,1,4,4,3,2,5,3
7532391,18,female,0,4,2,3,4,4,3
7532515,20,female,1,4,2,2,3,5,2
7536538,21,female,0,2,3,4,3,2,2
7536681,18,female,0,3,3,4,4,4,2
7541282,22,female,1,3,2,4,4,4,2
7542915,20,male,0,3,2,4,4,4,2
7543021,21,female,0,4,4,4,2,3,2
7543896,21,female,1,2,2,3,3,4,3
7543971,19,female,1,1,4,2,3,2,4
7544896,18,male,1,2,3,4,3,4,4
7545103,18,female,0,2,4,4,2,2,2
7545239,21,female,0,2,2,4,2,3,4
7413693,21,male,1,4,3,4,4,4,4
7549210,18,female,1,2,2,2,4,5,1
7549325,20,female,0,2,3,3,1,2,3
7549495,18,female,1,3,2,5,5,5,2
7549641,19,female,1,2,2,4,3,5,2
7550134,18,female,1,4,3,3,3,4,2
7550327,20,female,0,4,2,4,2,4,4
7550421,18,female,0,2,4,4,4,3,2
7551388,18,female,1,4,2,2,4,4,2
7551504,19,female,1,2,1,3,5,4,3
7552143,21,female,0,2,4,4,4,3,2
7552286,20,male,1,3,2,2,3,5,2
7412478,20,female,0,3,2,2,3,4,2
7413791,19,male,1,4,1,2,4,4,2
7552634,19,female,0,3,3,4,4,4,3
7553812,20,male,1,4,2,4,4,4,2
7553955,20,female,1,3,1,1,4,4,3
7554497,21,female,1,1,3,4,4,3,2
7554590,21,male,1,4,1,5,4,4,2
7554723,19,female,1,2,2,4,2,4,2
7554899,18,male,0,5,2,2,2,3,1
7413922,20,female,1,2,4,3,4,2,3
7414085,NA,male,0,3,1,1,4,5,2
7412525,20,female,1,2,1,2,2,5,3
7414808,20,female,1,3,2,4,2,5,3
7414849,20,male,1,5,2,4,4,5,2
7415212,19,male,0,3,4,2,3,3,3
7415709,19,female,1,2,2,4,2,4,3
7415827,19,female,0,4,2,3,3,2,4
7415929,NA,female,0,4,1,1,5,5,2
7419584,20,male,1,3,3,4,1,2,4
7419777,18,female,1,2,4,2,3,3,4
7420054,18,female,0,3,2,4,3,2,2
7420187,18,female,1,4,1,3,4,5,2
7420262,18,female,0,2,2,2,3,3,2
7420513,19,female,1,4,2,2,3,4,3
7420637,19,male,1,4,2,1,2,2,4
7420782,22,female,1,3,4,3,4,4,2
7420948,19,female,1,2,3,4,3,2,4
7421103,18,male,1,4,2,2,4,5,2
7422536,20,female,1,3,2,4,2,4,3
7422591,18,NA,1,3,3,3,4,2,3
7422707,19,female,1,2,2,4,3,4,3
7422990,18,female,0,4,2,3,3,4,3
7412670,19,female,0,2,2,3,2,3,1
7423141,19,NA,0,3,4,1,3,4,2
7423312,19,female,1,3,2,4,2,4,3
7423846,19,female,1,4,2,3,4,4,1
7419637,19,male,1,2,2,2,3,4,4
7528362,18,female,1,3,4,4,2,2,4
7428885,22,female,0,3,2,5,4,4,4
7424001,18,female,1,1,3,4,2,4,2
7414980,20,male,1,4,1,1,5,5,1
7545699,18,female,0,3,2,4,3,2,2
7541845,19,female,1,2,3,4,2,5,1
7528475,18,female,1,4,2,5,2,4,1
7544070,22,female,1,4,2,2,4,4,3
7530912,18,female,1,4,3,2,5,1,2
7414010,22,male,0,3,3,3,3,3,3
7420515,21,female,1,2,2,2,3,5,2
7536317,18,female,1,1,3,4,3,2,2
7536316,18,female,1,4,1,4,4,3,2
7536318,23,female,0,4,3,3,3,2,2
7536607,19,female,1,2,2,4,4,5,3
7536611,18,female,1,4,4,4,4,3,3
7536613,19,male,1,3,1,4,2,5,2
7541259,20,female,1,3,3,2,4,2,3
7541262,18,female,0,5,3,5,5,5,3
7541263,18,male,0,3,2,4,3,3,3
7425257,18,female,1,1,3,4,4,4,2
7541640,18,female,0,3,3,4,3,4,3
7542140,18,female,0,3,4,4,4,4,4
7542138,21,male,0,2,4,5,2,2,3
7542139,18,female,1,2,1,4,4,4,2
7543241,21,male,0,2,2,3,3,3,3
7543239,18,male,0,3,2,3,4,4,4
7543479,18,male,1,2,2,2,4,3,4
7543480,22,female,0,2,3,3,3,2,2
7543481,19,male,1,4,3,2,4,4,2
7543995,19,female,1,3,1,3,4,4,2
7425414,18,female,0,2,2,2,4,3,3
7543997,18,male,1,1,4,4,2,4,3
7545424,18,female,0,2,4,4,4,3,3
7545427,18,male,0,4,2,2,4,4,2
7545434,19,male,0,4,2,4,4,4,2
7597455,19,female,1,3,2,3,3,4,3
7597459,18,female,1,4,2,2,5,5,4
7597456,18,female,1,4,1,1,5,5,1
7605173,18,female,0,3,2,4,3,2,3
7605176,19,female,0,3,2,4,3,4,4
7605172,20,male,1,4,2,4,2,4,1
7426624,22,male,0,2,1,4,1,1,4
7607947,22,male,1,3,2,2,4,3,2
7607941,18,female,1,1,3,4,3,3,3
7607945,20,female,1,4,2,4,3,4,4
7609223,18,female,1,1,3,4,1,4,4
7428064,19,female,1,2,1,1,5,5,1
7428458,17,female,1,2,2,4,3,3,2
7431025,18,female,1,4,2,2,4,4,1
7434957,18,male,1,4,3,2,4,4,2
7440546,18,female,1,4,3,4,4,4,3
7442204,18,male,1,2,4,3,3,2,2
7442206,17,female,1,2,2,4,4,4,4
7443950,18,male,1,2,1,4,3,4,3
7443949,19,male,1,2,1,4,3,4,1
7444337,18,female,1,3,2,4,3,3,2
7444336,18,female,1,4,2,4,2,4,2
7446786,27,female,1,2,3,2,3,4,2
7446788,25,female,0,3,2,4,3,3,4
7446937,18,female,1,2,2,4,4,4,2
7446938,18,female,1,3,3,3,4,4,4
7451666,18,female,1,4,1,1,5,5,1
7451668,27,female,0,4,2,4,2,3,2
7451954,18,female,1,4,2,4,4,2,2
7451953,21,female,0,4,2,2,3,4,3
7457197,18,male,1,2,3,4,3,4,4
7458538,19,female,1,4,1,2,4,5,3
7458540,18,female,1,4,1,4,3,4,2
7458536,21,female,1,3,1,1,4,3,2
7459790,19,female,1,3,3,4,4,2,2
7459781,22,male,1,1,3,2,2,4,4
7460099,19,female,0,3,3,2,4,3,1
7460100,31,female,1,2,2,3,3,4,3
7460101,19,male,1,3,2,4,4,5,2
7462406,18,male,1,2,4,4,4,3,4
7462408,18,female,0,4,4,3,2,2,4
7462432,20,female,0,4,2,2,4,4,2
7462603,18,female,1,4,2,3,4,4,5
7462601,22,male,1,3,1,2,4,4,1
7466459,18,female,0,4,4,2,4,3,3
7467188,20,female,1,2,4,2,2,4,2
7467190,25,female,0,2,4,2,3,2,5
7471881,19,female,0,4,3,1,5,4,1
7471877,25,male,1,2,1,2,3,4,2
7471880,22,male,0,3,2,2,4,4,2
7473182,18,male,1,2,3,4,3,5,4
7473183,28,female,1,3,2,4,3,4,3
7473184,NA,male,1,2,1,4,3,5,1
7474670,18,female,1,1,1,3,3,4,2
7474667,18,female,1,3,4,2,3,4,1
7476696,18,female,1,2,3,4,3,2,3
7476694,30,female,0,5,3,5,1,3,4
7476692,19,female,1,4,2,5,3,5,3
7519220,18,female,1,4,2,5,3,4,3
7412935,19,female,1,4,2,2,3,5,1
7519249,18,female,0,5,2,4,3,3,5
7519665,18,female,1,2,2,4,2,5,3
7523074,18,female,1,3,2,4,4,4,2
7523051,21,male,1,4,2,3,4,4,1
7523053,19,female,0,3,2,3,3,2,2
7524219,18,female,1,3,4,4,4,4,3
7524210,22,male,1,3,2,1,4,4,3
7413305,19,male,0,3,4,2,3,3,3
7524212,18,female,1,3,4,4,2,4,3
7527555,18,female,1,4,4,1,4,3,2
7527558,23,female,0,NA,4,4,4,4,4
7528078,20,female,0,3,4,4,4,4,3
7528079,18,male,1,3,2,3,3,4,2
7528076,19,female,1,3,1,3,4,4,2
7528622,19,female,1,4,4,3,3,4,2
7528621,18,female,1,3,2,3,4,5,4
7530089,18,male,0,3,4,3,3,3,2
7530110,19,female,1,3,2,4,4,2,1
7530090,18,female,0,4,3,4,3,3,2
7530292,19,male,0,4,2,4,3,3,4
7530291,18,male,1,2,1,1,4,4,2
7530290,20,male,0,3,2,3,4,5,2
7530867,19,female,0,3,4,4,2,2,2
7532287,18,female,1,4,2,2,4,4,3
7532289,24,female,1,4,1,4,3,5,2
7532526,18,female,1,3,2,3,4,4,2
7415512,20,male,0,2,2,3,2,4,2
7467378,28,male,1,2,4,4,3,2,1
7467439,17,female,0,2,4,4,5,5,2
7530868,23,female,1,4,2,3,4,4,3
7609222,20,female,1,4,1,4,5,5,3
7476616,20,male,1,2,3,2,4,4,3
7467382,28,male,0,4,2,2,3,5,2
7541642,21,male,1,4,2,2,4,2,2
7476615,19,female,0,2,3,2,4,3,2
7519664,19,female,0,3,2,4,3,4,4
7519661,20,male,0,2,4,3,3,4,4
7609225,18,female,1,1,2,4,3,4,4
7608508,18,female,0,2,2,2,2,2,2
7425652,18,female,0,2,3,3,2,2,4
7425771,20,female,1,2,2,4,3,4,4
7556859,NA,NA,1,NA,NA,NA,NA,NA,NA
7487311,NA,NA,0,NA,NA,NA,NA,NA,NA
7487437,NA,NA,0,3,1,3,3,4,4
7487439,NA,NA,0,2,3,4,1,1,3
7570651,NA,NA,0,NA,NA,NA,NA,NA,NA
7476602,NA,NA,0,NA,NA,NA,NA,NA,NA
7492680,NA,NA,0,NA,NA,NA,NA,NA,NA
7492855,18,male,0,4,2,3,4,3,2
7460062,19,female,0,4,4,4,5,4,4
7425428,NA,NA,0,NA,NA,NA,NA,NA,NA
7532231,NA,NA,0,NA,NA,NA,NA,NA,NA
7425579,18,male,1,2,1,2,4,4,3
7570579,NA,NA,1,3,2,2,4,3,3
7570653,NA,NA,0,NA,NA,NA,NA,NA,NA
7410129,NA,NA,0,NA,NA,NA,NA,NA,NA
7476509,NA,NA,0,NA,NA,NA,NA,NA,NA
7476601,18,female,1,3,2,3,3,3,2
7409758,NA,NA,0,4,2,4,NA,NA,NA
7409942,NA,NA,0,4,2,2,4,4,3
7410300,18,female,1,3,2,4,4,3,2
7476733,NA,NA,0,NA,NA,NA,NA,NA,NA
7476809,NA,NA,1,NA,NA,NA,NA,NA,NA
7410121,NA,NA,1,NA,NA,NA,NA,NA,NA
7608145,NA,NA,0,3,2,4,2,2,4
7476731,NA,NA,0,NA,NA,NA,NA,NA,NA
7410119,NA,NA,0,NA,NA,NA,NA,NA,NA
7409934,NA,NA,0,NA,NA,NA,NA,NA,NA
7410212,21,male,1,4,2,4,5,5,1
7444275,NA,NA,0,2,1,2,4,5,3
7415350,NA,female,1,2,3,2,4,4,2
7562468,18,male,0,5,2,3,2,5,4
7562960,18,female,1,3,4,4,2,3,3
7567524,18,female,0,2,4,4,3,4,3
7567684,18,female,0,2,2,4,3,2,3
7568017,18,female,0,4,2,4,3,4,2
7569890,18,female,1,3,2,4,3,4,2
7570000,28,male,1,4,2,1,4,4,1
7570132,33,male,0,3,3,3,2,2,3
7570370,18,female,0,4,2,3,3,4,2
7570584,18,female,0,4,2,2,4,4,2
7572710,21,female,0,4,2,2,4,5,2
7574137,18,male,1,4,2,4,4,4,2
7574208,19,female,0,1,4,4,3,2,3
7574305,18,female,1,2,2,4,3,4,2
7574404,18,female,1,2,2,5,3,4,4
7574551,18,female,1,2,4,4,2,3,4
7578253,18,male,1,3,3,4,3,4,4
7578686,20,female,1,2,2,3,4,4,3
7578758,18,female,0,3,2,4,2,3,4
7415682,18,female,0,2,2,2,4,4,1
7581019,18,female,1,3,2,4,2,3,2
7581136,19,female,1,4,2,3,3,5,1
7596431,18,female,1,4,1,5,4,5,3
7597229,25,female,0,3,4,3,3,3,3
7597484,18,female,0,3,3,4,2,3,4
7603742,18,female,1,3,2,4,2,3,4
7603904,13,female,1,4,1,5,2,5,2
7604228,18,female,1,3,3,5,4,4,3
7607345,18,female,0,4,2,3,2,3,2
7415903,18,female,0,2,2,3,4,4,4
7607499,18,male,1,2,1,4,3,5,3
7608020,19,female,1,3,2,4,4,5,3
7608885,18,female,1,2,2,2,4,4,2
7616043,19,female,0,1,3,4,4,4,3
7616148,18,female,1,3,4,4,2,2,3
7616468,18,female,1,3,4,3,4,4,2
7419619,18,female,1,2,2,4,2,5,2
7420288,18,female,1,2,3,4,2,4,3
7420512,18,male,0,2,4,5,2,2,4
7420667,18,female,1,3,2,3,2,4,2
7422555,18,male,1,4,1,4,3,4,2
7423126,18,female,1,3,1,2,4,5,2
7423371,19,female,0,3,3,4,2,3,3
7425142,24,male,1,3,4,4,3,5,2
7425508,18,female,1,4,1,2,4,4,1
7425756,21,male,1,4,3,3,3,4,2
7425891,21,female,0,4,1,3,3,4,2
7426023,18,female,0,2,2,3,2,4,4
7427617,19,female,1,5,4,3,4,3,5
7428315,26,male,0,4,1,3,4,4,2
7430585,19,female,0,2,2,4,3,4,3
7430779,18,male,1,5,2,3,5,5,3
7430914,18,female,0,3,1,5,5,2,3
7431207,24,male,0,4,2,2,4,5,1
7435182,19,female,0,3,2,2,4,4,3
7435270,18,female,1,4,3,5,3,2,3
7436847,19,female,0,3,1,5,4,4,2
7436881,49,female,1,1,4,4,1,3,3
7437558,18,female,0,5,1,1,5,5,1
7437782,20,female,1,5,4,4,4,5,2
7438089,18,female,0,4,4,3,3,4,4
7440002,18,female,1,2,1,4,2,4,2
7440119,18,female,1,2,3,4,3,3,3
7440263,18,female,1,4,2,3,3,4,4
7440424,18,female,1,4,2,4,3,5,3
7440744,19,female,0,2,5,1,3,3,5
7441079,18,female,1,2,2,4,4,2,4
7444184,18,female,1,1,1,5,3,2,3
7446584,18,female,0,3,4,4,2,2,3
7447123,18,female,0,2,1,2,3,5,4
7451743,18,female,1,4,2,4,4,4,5
7452365,18,male,0,2,3,3,3,4,3
7453912,18,male,1,4,2,3,4,3,4
7454471,18,female,1,4,2,4,4,3,2
7454639,25,female,1,4,1,2,2,4,2
7455148,26,female,1,3,1,4,2,2,2
7457027,19,female,1,2,2,4,3,3,3
7457776,19,female,0,4,4,4,2,3,3
7461792,20,female,1,2,2,2,2,3,1
7462061,18,female,1,4,2,3,4,4,3
7466928,18,female,1,2,5,5,2,2,5
7467179,18,female,1,2,3,3,3,4,2
7467437,21,male,1,4,2,1,4,3,2
7467549,18,male,0,3,2,4,3,4,3
7412374,18,female,0,4,4,4,2,1,3
7471726,18,female,1,2,1,3,3,5,4
7472090,18,male,0,5,5,1,3,5,1
7504352,22,female,1,4,2,4,4,4,2
7505006,18,female,1,3,2,4,4,4,2
7507167,21,female,1,3,2,4,4,4,2
7509474,18,female,1,4,2,4,4,4,2
7510347,19,female,1,3,2,4,4,1,3
7510754,19,female,1,4,1,1,5,5,5
7511091,18,female,1,3,4,4,1,5,3
7413281,22,female,1,4,5,2,4,4,2
7531984,21,female,0,2,2,2,2,2,2
7540663,18,female,0,2,5,4,3,4,1
7541473,19,female,0,3,4,5,5,3,1
7544765,18,female,1,3,2,2,4,2,2
7544863,18,male,1,1,1,4,1,3,5
7545464,18,female,0,2,3,4,2,3,4
7549820,19,female,0,4,3,4,4,5,4
7551921,18,female,1,4,2,5,2,3,2
7415209,21,female,0,3,2,2,4,3,2
7553842,18,female,1,3,4,4,4,4,3
7553920,19,male,1,4,2,4,3,4,2
7554054,20,female,1,3,4,4,2,3,2
7554356,18,female,1,2,2,2,3,3,1
7556599,19,male,1,4,2,3,3,3,1
7558191,18,male,0,4,2,2,4,4,2
7558229,20,female,1,3,2,2,5,5,2
7558476,21,female,1,1,3,4,3,4,2
7558628,27,female,0,2,2,2,4,4,3
7415526,18,female,1,4,1,3,4,4,2
7501983,19,female,1,3,4,4,3,2,4
7420163,18,female,1,4,2,3,5,4,2
7558910,18,male,0,2,4,4,3,3,4
7459466,21,male,1,4,1,4,3,4,2
7444525,18,female,1,2,2,2,4,4,3
7434841,18,male,0,4,1,1,5,5,1
7609132,18,female,1,2,2,2,4,2,3
7460306,18,female,1,2,2,2,4,5,2
7425623,19,male,0,4,3,5,5,3,3
7558868,NA,NA,0,NA,NA,NA,NA,NA,NA
7452008,18,male,1,NA,NA,NA,NA,NA,NA
7552072,18,female,1,2,2,3,4,4,3
7571058,19,male,1,4,1,4,3,2,3
7612291,18,female,1,3,3,4,3,4,4
7581303,20,female,1,3,1,2,4,5,3
7552327,21,female,0,3,3,4,2,3,3
681116,18,male,0,4,3,4,4,3,4
681154,NA,female,1,3,2,2,4,4,3
682545,NA,male,1,3,3,3,3,4,4
682559,21,female,1,3,2,3,4,4,3
682557,22,female,1,1,2,4,4,2,2
682556,19,male,1,4,2,4,4,4,2
682558,18,female,0,4,3,2,3,4,4
682973,18,female,1,4,4,4,4,4,2
682974,19,male,0,2,4,3,4,2,1
682971,19,male,0,3,3,3,4,4,4
682982,19,female,1,4,4,3,3,3,3
683012,18,male,1,3,1,4,3,4,3
681157,18,female,0,1,2,2,4,4,3
683013,18,male,1,3,1,2,3,3,4
683023,19,male,1,3,2,2,4,4,4
683022,18,male,1,4,4,4,4,4,2
683021,20,female,1,2,4,4,1,2,4
683020,18,female,0,2,3,4,2,3,3
683032,20,female,1,3,3,4,3,4,3
683034,18,female,1,4,1,2,4,4,1
683035,18,male,0,4,1,5,5,5,4
683031,NA,male,1,4,1,3,4,5,5
683116,18,male,1,4,4,2,4,4,2
681159,21,female,0,3,2,4,2,2,4
683115,18,male,0,3,4,4,2,2,4
683136,19,male,0,4,4,2,2,4,3
683137,19,male,0,4,2,3,4,4,3
683150,18,female,1,2,4,4,2,3,2
683149,18,female,1,4,2,4,4,4,2
683151,18,female,1,2,3,5,2,3,5
683148,NA,male,0,3,2,4,4,5,2
683163,19,male,0,NA,NA,NA,NA,NA,NA
683162,19,male,1,5,2,2,3,5,3
683232,18,male,1,3,2,3,4,4,2
681175,18,female,1,2,2,2,2,5,2
683233,19,male,1,4,2,4,3,5,2
683235,22,male,1,2,4,4,3,2,2
683234,18,male,0,4,2,2,3,3,4
683250,19,male,0,4,1,2,5,5,2
683253,19,male,0,3,4,4,4,4,4
683263,20,female,0,4,2,3,2,4,2
683261,NA,male,1,4,5,4,4,4,3
683262,19,male,1,4,2,5,2,4,4
681188,NA,female,0,1,4,3,3,2,3
683274,18,male,1,3,3,4,3,3,2
683290,19,male,0,1,4,4,3,4,3
683310,18,male,0,3,2,3,4,4,4
683298,19,male,1,1,5,5,1,3,5
683307,19,male,1,3,2,3,3,5,2
683308,18,male,0,4,2,3,4,4,2
683369,19,female,0,3,3,5,1,4,2
683370,18,female,1,4,2,4,4,2,2
683371,18,female,1,3,2,4,4,4,2
683387,19,male,1,3,5,1,3,5,1
681194,18,female,0,1,4,2,3,2,4
683388,18,male,1,3,1,4,4,5,2
683389,18,female,1,3,2,4,4,4,2
683390,19,female,0,3,4,4,4,4,2
683419,18,female,1,4,2,1,5,5,1
683423,19,male,1,2,2,4,1,1,5
683422,18,female,1,2,4,4,2,3,4
683443,18,female,0,3,4,4,4,2,4
683444,19,female,0,5,5,3,3,3,1
681285,18,male,1,3,2,4,4,4,3
681287,18,female,1,3,3,4,4,4,4
681286,18,female,1,3,2,4,3,4,2
681297,18,male,1,2,2,4,3,3,4
681114,19,female,0,5,2,5,3,5,5
681299,18,female,1,3,2,3,3,4,1
681323,18,female,0,4,2,2,3,4,3
681325,19,male,0,1,4,4,4,3,4
681324,18,female,0,5,2,2,4,4,2
681337,19,female,0,3,4,5,5,5,5
681335,18,male,1,2,4,4,2,3,4
681336,NA,male,0,4,2,2,4,4,2
681340,18,male,1,4,3,4,4,4,2
681341,19,male,0,2,3,4,3,5,4
681339,19,female,0,2,2,2,4,3,2
681115,19,female,1,3,2,4,3,3,2
681345,21,female,0,2,1,3,3,4,2
681344,18,male,1,4,2,5,4,4,4
681763,19,male,0,4,1,4,4,4,2
681764,19,male,1,2,3,4,2,3,4
681765,18,female,1,2,2,4,3,4,4
681762,19,male,1,3,4,4,3,4,2
681772,18,female,1,4,3,4,2,4,2
681773,19,male,0,3,4,3,3,3,3
681774,18,male,0,3,2,3,3,4,2
681783,19,male,1,2,2,4,3,4,3
681133,18,male,0,2,4,4,2,2,3
681785,19,female,0,5,2,2,5,4,4
681784,19,female,0,4,1,5,5,2,1
681789,18,male,1,3,4,2,4,3,4
681787,19,female,0,4,4,3,4,4,3
681788,19,male,0,2,4,5,2,3,5
681873,19,male,0,2,2,4,3,4,2
681875,19,male,1,2,2,4,2,2,2
681874,19,female,1,3,3,2,4,3,3
681899,18,female,1,2,3,4,4,3,3
681893,18,female,1,1,2,4,2,2,4
681135,18,male,1,3,4,4,3,4,2
681896,18,female,0,3,2,4,3,4,2
681912,18,female,0,1,3,4,2,2,4
681918,18,male,0,3,2,1,5,5,1
681916,18,male,0,1,3,4,3,5,4
681914,19,male,1,3,2,4,3,4,2
681922,18,male,0,4,1,1,5,5,2
681926,19,female,1,1,3,5,2,2,2
681924,18,female,1,3,5,5,2,4,4
681941,18,female,0,NA,NA,NA,NA,NA,NA
681940,18,male,1,4,2,4,4,3,5
681143,18,female,1,4,2,3,3,3,2
681939,18,female,0,2,3,3,3,3,3
681937,18,male,0,3,2,3,4,4,3
681948,20,female,1,2,2,4,2,4,2
681949,18,male,0,3,2,5,3,2,4
682031,18,female,0,3,3,4,3,2,4
682032,19,female,1,2,3,4,3,3,4
682075,18,male,0,2,4,2,4,4,2
682076,18,male,0,3,3,2,4,3,4
682085,20,male,0,3,2,3,1,4,3
682082,18,female,1,2,2,4,1,2,4
681140,18,male,1,1,4,5,2,2,2
682083,21,male,1,2,2,4,3,4,2
682084,18,female,1,3,2,3,2,4,3
682091,18,female,1,3,2,2,3,5,5
682093,19,male,0,1,3,4,2,2,3
682092,18,male,0,3,2,4,4,4,3
682090,19,male,1,4,2,4,4,4,2
682325,20,male,1,4,2,2,4,4,3
682345,18,female,1,2,4,3,2,2,2
682344,18,male,1,4,3,3,2,4,4
682347,18,male,1,3,1,2,5,5,4
681152,18,female,1,1,3,4,2,2,3
682370,18,female,0,3,3,2,3,3,3
682367,18,male,1,2,2,4,4,3,3
682366,33,female,1,2,2,3,4,4,2
682378,18,female,0,3,3,2,4,4,3
682376,20,female,0,1,4,4,2,2,4
682379,18,female,1,2,4,5,2,3,2
682393,18,female,0,4,3,4,2,4,2
682394,18,male,1,4,3,4,2,4,4
682391,19,female,1,3,2,4,3,4,5
682398,18,male,0,3,4,4,4,3,3
681149,19,female,0,3,3,3,3,4,2
682396,19,female,0,1,1,1,1,1,3
682477,18,male,1,3,3,3,3,3,3
682479,18,male,0,3,2,4,4,4,5
682478,22,male,1,4,1,2,4,5,3
682537,18,male,0,4,1,5,5,4,2
682536,18,male,1,3,1,1,4,4,2
682535,19,male,0,2,4,3,5,5,3
682542,19,female,1,3,2,4,3,3,3
682548,19,male,1,3,1,4,4,5,1
682543,18,male,1,2,4,3,2,3,3
683248,18,male,0,4,4,4,4,3,4
682999,NA,NA,0,NA,NA,NA,NA,NA,NA
683247,19,female,1,4,2,3,2,5,2
7605911,19,female,1,3,2,2,3,4,2
7606042,18,female,0,3,3,3,3,3,3
7606252,18,male,1,4,2,2,4,4,2
7606385,18,female,0,3,2,4,4,4,2
7608411,20,female,1,2,4,4,2,3,2
7610031,18,male,1,4,2,2,2,4,4
7610148,19,male,1,3,2,3,3,4,4
7610232,18,female,1,4,2,2,4,5,2
7457614,18,female,0,3,1,1,3,3,2
7610427,19,male,1,4,3,4,2,3,4
7610545,19,male,0,1,4,4,2,3,4
7457923,18,female,1,2,3,3,3,4,2
7458017,18,female,1,3,3,4,2,4,2
7459625,20,female,0,3,2,3,4,3,3
7459713,18,female,1,3,2,4,3,2,3
7459828,18,female,0,4,2,2,3,3,2
7460035,20,female,0,3,3,3,4,5,1
7460172,17,female,1,2,2,2,4,2,2
7460235,20,male,1,4,2,4,3,2,2
7460314,18,female,1,5,3,4,3,3,5
7460887,19,female,1,4,3,4,2,3,5
7460937,18,male,1,2,2,2,4,4,2
7460998,18,female,0,4,2,2,4,4,3
7461063,19,female,1,1,4,3,3,2,4
7461103,19,female,1,2,3,3,2,3,3
7461195,18,female,1,4,4,4,3,3,4
7461269,18,female,0,2,2,4,2,4,2
7462464,20,female,1,3,2,4,3,2,3
7462550,18,female,1,2,1,4,3,2,2
7462677,19,female,1,4,2,5,3,4,2
7463084,18,female,1,2,2,3,4,5,3
7466393,18,male,1,4,2,1,4,4,1
7466531,19,female,1,1,3,3,2,3,2
7466745,18,male,1,4,1,2,4,3,2
7466944,18,female,1,3,4,2,3,2,2
7467323,18,female,0,3,2,4,3,4,5
7467457,18,female,1,3,2,2,3,3,2
7467543,18,female,1,2,4,3,3,3,4
7469567,19,female,1,3,2,4,3,4,2
7469714,18,female,1,4,2,4,3,2,2
7469793,18,female,1,3,2,4,3,4,2
7470913,18,female,1,3,4,4,4,3,2
7471007,19,female,1,3,3,4,4,2,3
7473378,19,male,1,1,2,3,3,2,2
7473471,19,female,1,4,2,4,4,3,2
7474574,18,female,1,2,1,3,4,4,1
7474678,19,female,1,3,2,3,3,4,3
7475626,18,female,1,3,3,4,2,3,2
7475670,18,female,1,3,2,2,2,4,2
7475732,18,female,1,3,2,2,4,4,2
7477076,18,female,0,2,3,4,3,3,3
7477127,19,female,1,3,3,4,4,3,2
7477172,18,female,0,1,3,3,2,3,4
7551674,18,female,1,1,2,4,1,4,3
7551790,22,male,1,4,2,2,4,5,2
7551858,19,male,1,2,4,1,3,2,1
7551945,18,female,1,3,2,3,3,2,2
7554127,21,female,1,3,2,3,4,2,2
7554176,19,female,1,4,2,3,4,4,2
7554244,19,female,0,3,4,3,3,4,4
7554307,17,female,0,2,2,2,3,4,3
7554398,18,female,1,4,3,2,4,4,1
7554517,18,female,1,1,4,5,2,3,4
7454295,17,female,1,2,2,3,3,4,2
7555202,18,female,1,1,2,3,3,3,3
7555319,19,female,1,4,2,3,4,3,2
7557560,19,male,0,4,2,2,4,4,2
7557638,18,female,1,1,5,2,1,1,5
7557684,17,female,1,5,1,1,5,5,1
7557743,19,female,1,4,2,4,3,4,2
7557848,19,male,1,3,2,4,2,3,3
7557915,18,male,1,4,4,5,2,4,5
7558832,18,female,1,2,2,3,3,4,2
7567200,19,female,1,4,3,4,3,2,2
7454384,18,female,1,2,2,3,3,4,2
7567334,18,male,1,4,2,3,4,5,2
7568977,18,female,1,2,1,1,4,4,2
7570649,18,male,1,3,2,4,3,4,3
7570757,18,female,1,3,2,4,4,4,2
7570904,19,male,1,4,4,4,2,4,3
7571657,18,female,1,2,3,3,3,3,3
7571741,18,female,0,4,2,2,4,4,2
7571817,18,female,0,2,3,2,4,4,2
7579490,18,male,1,3,4,4,2,4,3
7579539,18,female,1,3,3,4,2,3,2
7454511,24,female,1,3,1,4,3,5,4
7579583,18,male,0,4,1,3,4,4,1
7580631,20,female,0,2,4,4,4,4,3
7580720,26,male,0,3,2,3,1,3,3
7600213,18,female,0,3,2,2,3,3,3
7600560,18,female,1,3,3,4,3,2,2
7602716,22,male,1,5,1,3,5,5,2
7602876,18,female,1,4,4,4,4,2,2
7603180,20,female,1,4,2,4,4,4,2
7603423,19,female,1,3,4,3,2,2,4
7603733,18,female,0,3,3,4,3,4,3
7608883,19,female,1,3,3,3,5,5,2
7454662,18,female,1,2,1,2,4,5,1
7405074,43,male,1,3,2,4,4,4,2
7652698,NA,NA,0,2,5,5,5,5,5
7608698,19,female,1,3,2,4,2,3,2
7391552,18,female,1,3,1,4,3,4,3
7392714,18,male,1,4,2,4,4,4,4
7625268,23,female,0,1,1,4,1,4,1
7625274,18,male,1,3,4,3,2,4,4
7629775,22,female,1,4,2,1,4,2,3
7629868,19,female,1,3,4,3,2,3,2
7631097,19,female,0,3,4,4,4,4,4
7631318,19,female,1,3,2,3,3,3,3
7631316,19,male,1,4,3,2,4,3,3
7635103,22,female,0,4,2,3,4,4,2
7635119,19,female,0,3,1,2,3,5,1
7635253,18,male,1,2,2,4,2,3,2
7641672,18,female,0,2,2,3,2,5,2
7641660,18,female,0,1,3,4,3,3,3
7641820,18,male,1,3,2,4,2,3,4
7641927,22,female,0,3,5,4,3,4,4
7641989,21,female,0,1,3,2,3,3,3
7642406,54,female,1,3,1,3,3,4,1
7642571,19,male,1,3,3,4,3,4,3
7642791,18,female,1,2,2,2,4,3,4
7643008,18,male,0,3,3,3,4,3,3
7642928,19,male,1,3,2,2,4,5,3
7406350,18,female,1,5,2,5,2,2,2
7406351,18,female,1,3,2,4,3,4,2
7391599,19,female,1,2,4,4,1,5,2
7406487,18,male,1,3,2,4,3,3,3
7406640,18,female,1,5,2,2,3,4,3
7407412,21,female,0,4,1,1,3,4,1
7407615,21,female,1,3,1,2,4,4,2
7407646,17,female,0,4,2,4,4,5,3
7407732,21,male,0,3,2,4,2,3,4
7407915,19,female,0,3,2,5,5,5,3
7422676,18,female,1,2,3,4,4,3,4
7422686,18,female,1,2,2,4,2,2,1
7422758,19,female,0,3,1,3,3,5,4
7423117,18,female,0,4,2,3,5,4,3
7423335,18,female,0,3,3,2,3,3,2
7423356,18,female,0,4,1,2,4,4,1
7423432,20,male,1,2,1,4,2,4,3
7423454,18,female,0,4,3,2,3,5,4
7423574,18,female,0,3,4,2,4,5,2
7423642,21,female,1,1,3,3,3,1,3
7392215,18,female,1,3,4,2,1,3,3
7423665,22,female,0,3,3,3,3,3,3
7427759,18,male,1,3,4,2,3,4,2
7427800,21,NA,1,3,1,1,2,3,2
7434594,19.5,female,0,3,2,4,4,4,3
7434600,18,male,0,2,4,2,3,4,3
7434668,19,female,0,4,2,3,2,3,3
7434663,19,female,1,3,2,3,2,4,2
7436844,21,female,0,NA,5,4,3,2,2
7437014,20,female,0,4,4,4,2,4,2
7392329,18,female,0,3,2,4,4,4,3
7437001,19,male,1,4,5,3,5,5,4
7437120,18,female,1,2,2,5,4,4,2
7437123,20,female,1,2,5,5,1,2,4
7437184,44,male,1,3,2,3,3,5,1
7437194,20,female,1,3,1,2,4,4,5
7437254,18,female,0,2,1,4,4,4,1
7437696,18,female,0,4,3,3,4,3,3
7437724,20,female,0,3,3,2,4,3,4
7437807,20,female,0,3,1,1,3,3,1
7392407,19,female,0,2,4,3,4,4,3
7438080,21,male,1,2,1,2,2,5,3
7438097,18,female,1,4,2,4,3,4,2
7438220,46,female,0,3,2,2,2,2,2
7438247,19,male,0,2,2,3,2,4,2
7438383,20,female,1,3,2,4,4,4,4
7438428,18,female,0,3,2,3,2,2,3
7443448,19,female,1,3,5,4,3,4,3
7443534,19,female,0,4,2,4,3,4,3
7443575,20,male,1,3,4,4,1,5,5
7392428,19,female,1,3,1,1,4,4,1
7596584,18,female,0,3,3,4,4,4,2
7596590,19,male,1,NA,4,3,2,4,3
7596614,18,male,1,3,4,4,2,3,4
7596755,18,male,0,1,4,4,4,4,1
7392541,18,male,1,3,2,2,4,4,3
7596877,19,male,0,4,5,4,2,3,3
7423138,18,female,0,3,2,3,3,4,2
7603759,18,female,1,4,3,3,4,3,3
7423045,19,female,0,1,1,3,1,2,3
7603894,18,female,1,4,2,2,2,5,3
7611382,30,female,1,2,2,2,4,3,2
7625166,18,female,0,2,4,4,3,3,3
7406377,21,female,1,3,3,4,3,4,3
7406381,18,female,1,NA,2,4,4,3,2
7406505,19,female,0,3,2,4,3,3,3
7391707,19,female,0,4,5,2,4,5,3
7603404,19,female,1,2,2,2,3,4,2
7603494,18,male,0,4,2,4,4,4,4
7391740,19,female,1,3,2,4,4,2,2
7423322,18,female,1,3,2,2,2,4,4
7423546,20,female,0,NA,NA,NA,NA,NA,NA
7423801,20,female,0,4,2,5,4,4,3
7403849,20,female,1,2,1,2,4,4,2
7403850,22,female,1,3,2,3,3,4,3
7567554,20,male,1,1,2,2,4,4,2
7567576,19,male,1,2,2,3,4,3,4
7406391,49,female,0,2,1,4,3,2,3
7406555,19,female,0,4,2,2,3,4,2
7635188,NA,female,1,3,1,2,4,4,2
7471446,18,male,1,3,3,4,2,2,3
7408011,20,female,0,1,1,2,3,5,5
7403772,19,male,1,4,4,3,2,2,2
7403785,19,male,1,4,4,4,1,3,3
7596751,21,female,1,2,4,4,2,1,4
7567784,18,female,0,3,2,4,4,4,3
7406639,20,female,1,3,2,2,3,3,3
7413346,22,female,1,NA,4,5,3,4,3
7413277,39,female,1,4,1,3,4,4,1
7437180,19,female,1,3,1,5,4,4,3
7443452,17,female,1,3,2,3,3,4,2
7567748,19,female,1,4,2,4,3,4,2
7603346,22,female,1,3,2,5,3,4,2
7413332,26,female,1,2,2,3,4,4,2
7603332,18,female,0,3,4,3,3,4,4
7425642,19,female,0,1,2,4,3,3,3
7440828,21,male,1,3,2,4,4,4,3
7556932,18,female,1,2,4,4,5,3,4
7556929,19,female,1,2,2,4,2,5,2
7556930,18,female,1,2,3,4,2,4,2
7557073,18,female,1,4,5,4,2,5,4
7570534,18,male,1,4,1,4,4,5,2
7570532,18,female,0,4,2,3,2,2,2
7570533,19,female,1,2,3,4,2,4,2
7570668,19,female,1,2,3,4,3,3,2
7440830,19,female,0,3,1,4,4,3,5
7570665,18,female,1,3,2,4,3,2,5
7570667,19,female,1,4,1,4,4,5,1
7570666,19,female,1,4,2,4,2,4,4
7572968,18,female,1,3,2,3,4,4,3
7573084,18,male,1,3,4,3,3,4,4
7573082,18,female,1,2,3,2,3,3,2
7573081,18,female,1,3,2,4,2,4,4
7608243,19,female,1,3,1,5,1,3,3
7440832,18,female,1,3,2,4,3,4,3
7608242,18,female,1,3,4,3,3,4,3
7608264,19,male,1,3,2,2,4,4,3
7608244,18,male,1,3,4,3,3,4,4
7608567,18,female,1,4,3,4,2,3,2
7608568,31,male,1,3,2,4,4,4,3
7612910,18,female,0,3,2,3,3,4,3
7612912,35,female,0,NA,NA,NA,NA,NA,NA
7613208,18,female,1,1,3,4,3,2,4
7613206,19,male,1,3,3,3,3,3,3
7441094,18,female,1,4,1,4,3,4,3
7613205,18,female,1,3,3,5,2,3,4
7613207,18,female,0,2,2,4,2,2,2
7636248,22,female,1,3,2,2,3,4,2
7636249,18,female,1,4,3,3,4,2,2
7636247,19,male,1,4,1,3,1,3,1
7636492,21,female,0,3,2,4,3,4,3
7636490,21,female,1,1,2,3,3,4,3
7636489,22,female,1,2,4,4,4,4,2
7441093,18,female,0,3,2,4,4,4,2
7441095,18,female,1,2,2,3,3,4,4
7444574,18,female,1,3,2,2,2,4,4
7444575,18,female,0,NA,1,3,3,4,3
7444577,18,female,1,3,3,4,2,4,3
7444578,18,female,1,3,2,3,3,4,2
7425641,38,female,1,1,2,3,3,5,2
7444739,45,male,1,3,2,3,3,4,3
7444742,20,male,1,4,2,2,4,4,2
7444738,19,female,1,1,4,3,2,4,3
7457428,18,male,0,2,4,3,3,4,4
7457432,18,female,1,3,2,4,2,4,2
7457435,18,male,1,2,2,4,3,2,3
7457437,19,male,1,3,2,4,3,3,3
7457611,18,female,1,4,2,4,4,4,2
7457613,30,male,1,1,1,4,3,1,1
7457612,19,male,0,4,5,4,3,4,4
7425644,20,NA,0,1,1,5,2,5,1
7460321,18,male,1,2,2,4,3,2,2
7460317,18,female,1,3,2,4,3,4,2
7460319,18,female,1,3,3,4,3,4,3
7460320,19,female,1,4,2,4,3,3,2
7460442,18,female,1,3,2,3,2,3,3
7460441,19,male,1,2,2,2,3,3,4
7460444,18,female,1,4,2,3,3,5,2
7460440,25,male,1,1,1,4,2,5,4
7472226,19,female,1,3,1,4,4,3,2
7472229,18,female,1,3,3,4,2,4,3
7425795,21,female,1,1,2,4,4,5,1
7472227,23,male,1,4,2,4,3,3,2
7472365,18,female,1,3,2,4,1,3,4
7472366,18,female,1,4,2,3,4,4,2
7474885,18,female,1,4,1,4,3,5,5
7474887,18,female,1,2,2,4,2,4,4
7474886,18,female,1,2,1,3,2,4,2
7475054,19,male,1,3,2,5,1,1,5
7475072,18,male,1,2,2,3,1,4,4
7475071,18,female,1,4,3,4,3,3,3
7487263,20,male,1,3,2,3,4,4,3
7425793,18,female,0,4,2,3,4,4,2
7487264,18,female,1,3,3,3,3,3,1
7487258,18,female,1,3,1,2,3,4,2
7487466,18,female,0,4,2,3,2,3,5
7487468,24,male,0,2,2,4,4,4,3
7487467,20,female,0,2,2,2,2,2,2
7490424,18,male,1,3,1,2,4,3,2
7490421,22,male,1,3,5,4,5,4,4
7490422,19,male,1,3,2,4,4,5,2
7490423,20,male,0,3,4,2,2,4,1
7490620,18,female,1,2,2,4,2,3,2
7428674,23,male,1,2,3,4,3,2,4
7490618,18,female,1,4,1,4,3,5,2
7490624,18,male,0,3,2,3,2,3,3
7504521,19,female,0,3,4,4,3,4,3
7504523,18,female,1,3,2,2,4,3,3
7504518,19,female,1,4,2,3,3,5,2
7504520,19,female,1,4,3,2,4,3,1
7504667,19,male,1,2,4,3,4,4,2
7504664,19,female,1,3,2,1,4,3,1
7504666,18,female,1,4,2,3,4,4,2
7504669,20,female,0,2,4,4,2,2,4
7428673,19,male,1,2,4,4,4,3,2
7507613,18,female,1,4,4,4,4,4,2
7507615,18,female,0,1,2,4,1,2,2
7507797,19,female,1,3,5,2,4,4,3
7507791,18,female,0,3,2,4,3,4,3
7507792,20,male,1,1,3,4,2,4,3
7527366,19,female,1,3,2,4,2,4,1
7527372,19,female,1,3,2,3,4,2,2
7527588,18,male,1,3,4,4,4,4,4
7527587,18,female,0,4,2,3,5,4,1
7428675,18,female,0,4,2,4,4,5,1
7530425,18,female,1,3,4,4,3,2,3
7530426,21,female,1,3,4,3,3,3,2
7530547,18,male,1,2,2,5,3,5,4
7530560,20,female,1,3,2,4,2,2,3
7530548,23,male,1,4,2,2,3,3,2
7530555,18,male,1,4,1,4,5,4,2
7541145,18,female,1,2,2,3,3,3,2
7541144,23,female,0,2,4,3,2,4,2
7541143,18,female,1,3,3,5,1,3,3
7541306,18,female,1,4,3,4,3,2,3
7428912,19,male,1,3,4,4,2,3,3
7541307,18,female,0,4,2,4,2,3,3
7543667,29,female,1,3,1,2,4,4,1
7543665,18,female,1,5,2,4,3,4,2
7543664,18,male,1,2,2,3,3,4,2
7543666,18,female,1,3,2,5,2,3,2
7543773,19,female,0,4,3,2,4,4,3
7543771,18,female,1,2,4,5,3,4,3
7543772,18,female,1,2,4,4,2,2,4
7543774,18,female,1,3,2,4,4,5,2
7556933,19,female,0,3,3,3,3,3,3
7608569,18,female,1,4,4,4,2,4,3
7557072,18,female,0,2,2,4,2,4,2
7557074,18,female,1,3,2,3,4,4,3
7420361,23,female,0,2,1,3,3,3,3
7420362,NA,NA,0,NA,NA,NA,NA,NA,NA
7420472,23,female,0,2,4,4,4,4,4
7420473,NA,NA,0,NA,NA,NA,NA,NA,NA
7420474,NA,NA,0,NA,NA,NA,NA,NA,NA
7573083,18,female,1,4,3,4,4,4,3
7572969,19,male,0,3,4,3,2,4,3
7604602,18,female,0,3,3,2,3,3,4
7604606,19,female,0,2,2,3,3,4,3
7608086,19,male,0,4,2,4,3,4,2
7608300,22,male,1,4,2,3,2,4,5
7498447,19,female,0,4,2,4,3,5,2
7596763,19,male,0,4,3,3,4,2,3
7596853,18,NA,0,3,2,2,2,4,2
7596855,18,male,0,2,2,3,4,4,3
7596947,22,female,1,2,4,5,2,2,4
7596945,19,male,0,2,4,5,2,3,4
7597153,18,female,0,3,1,4,2,2,3
7597363,19,male,1,3,1,1,2,4,4
7597539,20,female,0,4,4,4,2,3,4
7597346,19,female,0,1,2,4,2,3,4
7597558,18,female,1,2,3,5,2,3,4
7498448,21,female,1,2,3,4,3,4,2
7597752,19,female,0,4,2,2,4,4,2
7597943,20,female,0,4,2,4,4,4,4
7598324,18,male,1,4,2,2,4,4,2
7598333,19,female,0,3,2,4,2,4,4
7598759,19,male,0,2,4,4,2,3,3
7599032,19,male,0,2,2,2,3,4,2
7599030,21,male,1,2,2,2,4,5,2
7603191,20,male,1,3,4,4,3,4,3
7603189,19,male,1,4,3,4,4,5,2
7498793,18,female,0,2,3,3,2,4,3
7603192,18,female,1,4,4,2,4,4,4
7603414,18,male,1,2,1,3,4,5,2
7604357,18,female,0,3,2,3,4,2,2
7604349,18,male,0,3,3,4,4,4,3
7604344,18,female,1,2,2,2,2,2,2
7604599,18,female,0,3,4,4,3,4,4
7498796,20,male,1,3,2,3,3,3,4
7604858,19,female,0,1,1,4,4,4,2
7607503,19,male,1,4,2,4,2,3,3
7607693,18,female,1,4,3,4,3,4,4
7607694,19,male,0,4,2,4,4,4,2
7607932,18,male,1,3,3,4,4,4,4
7607930,20,male,1,2,4,4,2,2,2
7608979,19,male,1,2,2,2,4,4,5
7498926,18,female,1,4,2,2,5,5,4
7609011,19,male,1,2,4,4,1,2,4
7609184,19,female,1,2,3,3,5,4,3
7609152,18,female,1,2,3,5,2,3,3
7609159,18,female,1,2,4,4,4,4,4
7609325,20,male,1,3,1,1,5,5,2
7609326,18,male,1,1,4,5,4,4,2
7609328,20,male,1,3,4,4,2,3,3
7611899,18,male,0,2,2,3,2,4,4
7498922,18,female,1,3,2,3,3,3,3
7611905,19,male,1,3,2,3,4,5,2
7612107,NA,NA,0,3,4,4,5,3,4
7612305,19,female,0,2,2,4,3,4,2
7612308,19,male,1,2,2,4,4,4,3
7612241,NA,male,0,2,3,3,3,3,3
7612446,18,female,0,3,2,2,4,5,3
7612450,18,female,1,3,4,4,2,3,4
7612443,19,female,1,2,4,4,4,4,2
7612694,20,male,1,2,4,4,3,3,3
7612696,20,male,0,2,2,4,2,3,3
7499080,19,female,1,2,2,4,2,4,3
7612693,20,female,0,2,2,4,2,3,2
7612859,19,male,1,4,1,1,4,4,1
7612860,20,female,0,2,4,4,3,3,4
7612862,20,female,1,3,1,1,4,4,1
7613100,20,female,0,2,2,2,3,4,2
7613098,19,female,1,4,1,3,4,4,1
7613357,18,female,1,1,1,3,4,4,3
7613358,19,male,0,4,2,4,3,3,4
7613523,19,male,0,4,2,4,4,4,2
7613527,21,male,0,4,1,2,4,4,2
7499079,18,female,0,2,4,4,3,4,3
7616253,21,male,0,3,2,1,5,5,2
7616255,19,male,1,3,2,4,4,4,4
7616426,18,female,0,4,4,4,2,2,2
7616500,18,male,0,2,2,5,3,4,5
7616497,18,female,0,3,2,3,3,4,3
7616646,19,female,0,4,3,4,2,4,4
7616692,18,male,1,4,2,2,4,4,2
7616837,18,male,0,4,3,4,3,4,3
7616762,18,female,0,3,2,2,4,4,2
7499199,18,female,1,3,1,1,5,3,2
7616761,18,female,0,3,2,2,2,2,4
7616993,19,male,0,1,2,5,1,4,4
7616995,18,female,0,2,2,4,3,4,3
7616988,18,male,0,3,3,4,2,4,3
7617145,18,female,1,3,3,4,2,2,4
7617142,19,male,1,2,4,4,5,4,3
7617146,19,female,1,2,3,2,4,5,4
7499362,18,female,0,4,1,2,3,4,2
7499373,19,female,1,2,3,4,3,2,2
7499424,18,male,0,2,4,4,2,4,3
7499521,18,female,0,4,3,2,4,4,2
7499523,19,male,0,3,4,3,4,4,2
7499516,18,male,1,4,3,4,2,4,2
7501606,18,male,1,3,4,4,3,4,3
7501617,19,female,1,1,3,4,2,2,3
7501767,20,male,1,4,2,4,3,4,4
7501768,19,male,0,3,2,2,4,4,3
7501887,19,female,1,2,3,2,4,4,1
7501941,18,female,0,1,4,4,4,4,4
7502167,18,female,1,3,2,3,4,4,3
7502168,18,female,1,2,4,4,2,4,3
7502172,18,male,0,2,2,4,4,4,1
7502300,18,male,0,3,5,4,4,3,5
7502304,19,male,1,2,2,5,1,1,2
7502298,18,male,0,3,2,4,4,4,2
7502417,19,female,0,2,2,4,3,4,3
7502416,18,female,1,2,1,2,3,4,3
7503997,18,female,1,4,2,4,4,4,2
7503995,18,female,1,4,1,2,4,4,2
7503996,19,female,1,4,2,4,4,4,2
7504148,19,female,1,3,4,5,3,4,5
7504146,19,female,1,3,2,3,2,4,3
7504258,18,female,1,3,4,4,2,2,5
7504256,18,male,1,2,2,4,3,4,3
7504369,18,female,1,4,4,4,3,4,4
7504368,18,female,1,2,3,4,2,3,4
7504564,18,female,1,3,4,4,2,4,4
7504563,19,female,1,3,4,4,1,4,3
7504634,21,female,1,3,1,2,5,5,1
7504635,18,male,0,4,1,5,4,5,2
7504748,18,male,0,3,4,4,2,2,3
7504746,18,female,0,3,3,4,2,3,4
7504854,18,female,0,1,1,5,1,4,4
7504853,19,male,1,3,2,2,4,4,3
7504970,18,female,1,3,2,2,4,3,2
7505010,18,female,0,3,1,5,2,3,5
7504974,19,female,1,3,1,2,4,5,2
7505124,19,female,0,3,4,5,3,2,4
7505127,19,female,1,4,1,2,3,5,4
7505256,19,female,0,2,2,4,3,4,3
7505258,18,female,1,5,1,4,4,5,2
7506953,18,female,1,2,3,2,2,2,2
7507063,19,female,0,4,2,4,4,4,2
7507054,18,female,0,4,2,3,4,4,2
7507155,20,female,1,3,3,4,2,4,2
7507157,18,female,0,2,4,3,4,2,4
7498224,18,female,1,2,3,3,2,2,3
7507289,18,female,1,1,4,4,2,4,2
7507293,18,male,1,2,3,3,3,4,3
7507241,19,female,0,3,1,3,4,3,2
7507409,18,female,0,2,4,2,1,1,4
7507410,18,male,0,3,2,4,2,3,3
7507585,19,female,1,3,2,4,4,3,2
7507582,18,female,1,4,2,4,4,4,4
7507832,20,female,1,3,3,4,3,3,4
7507838,20,female,0,2,4,4,3,4,4
7507839,19,female,0,4,4,2,4,4,4
7498326,18,female,1,3,2,4,4,4,4
7508008,20,female,1,1,3,2,3,1,3
7508009,18,female,0,3,3,4,3,4,3
7508006,19,female,0,2,4,4,3,5,2
7508114,19,male,1,1,4,4,2,2,1
7508116,18,female,0,1,4,4,2,2,3
7508119,18,female,0,2,1,2,4,4,3
7509869,21,female,1,3,2,4,3,2,2
7510231,18,male,1,3,4,2,4,4,2
7510263,18,male,1,2,3,2,3,2,2
7510469,19,female,0,4,2,4,3,3,2
7498340,18,female,0,4,2,4,2,2,3
7510731,19,female,1,1,3,5,2,2,4
7510985,18,female,1,4,4,4,4,4,3
7510988,18,female,1,2,3,4,3,3,2
7511456,18,male,1,3,2,4,3,4,3
7511453,19,female,1,3,4,4,4,2,3
7511190,18,female,1,3,1,4,4,5,3
7511179,18,female,1,2,1,1,4,5,2
7596760,21,male,0,2,4,4,5,2,4
7616425,19,male,0,4,3,4,4,3,4
7609468,20,male,0,4,4,4,2,2,4
7603695,18,male,1,2,3,4,2,2,2
7603736,18,male,1,4,2,4,4,5,2
7607500,19,female,1,2,3,3,2,2,3
7505126,18,female,1,2,4,3,3,4,3
7609469,19,female,1,3,2,2,3,5,3
7510630,21,female,0,2,2,2,4,2,2
7616424,18,female,0,3,3,3,4,4,3
7473055,21,male,0,2,4,3,3,2,2
7613656,18,female,0,1,5,1,4,4,3
7613907,21,female,1,1,2,2,3,4,2
7625637,19,male,1,4,1,4,4,4,2
7625889,18,female,1,3,3,3,2,4,2
7626198,19,female,1,4,2,4,2,4,2
7631398,20,female,0,3,2,4,4,4,2
7631705,25,male,0,3,3,4,3,4,4
7631893,21,female,1,4,2,2,4,4,2
7632215,19,female,1,2,4,3,3,4,4
7632428,19,female,1,3,4,4,1,1,2
7632611,22,male,0,3,5,2,2,5,2
7632794,23,male,0,3,3,4,2,3,4
7637520,19,female,1,1,3,4,4,4,2
7637667,19,male,1,3,1,4,3,4,2
7637819,19,male,1,3,2,4,4,4,5
7637964,19,female,0,2,2,4,2,4,3
7643628,21,female,1,3,2,2,4,4,2
7643907,19,female,1,2,4,4,2,2,4
7474811,50,female,1,3,3,4,3,3,2
7643999,18,female,1,3,2,3,3,NA,3
7474984,18,female,1,2,2,4,3,4,2
7475266,18,female,0,3,4,3,2,2,4
7475330,19,female,1,3,2,2,4,4,2
7475396,18,female,1,4,2,3,4,5,2
7481757,19,female,1,2,2,4,4,2,2
7481830,19,female,1,3,2,5,2,3,2
7481909,20,female,0,2,2,2,4,3,2
7481974,19,female,1,4,4,5,4,2,4
7483609,20,female,1,3,3,4,2,3,3
7483649,20,female,1,3,4,4,2,2,4
7581388,NA,male,0,2,4,4,3,3,4
7483903,19,male,0,2,3,3,3,3,4
7484079,19,female,1,2,2,2,4,4,2
7484148,18,female,1,4,2,2,3,5,3
7484227,18,female,0,3,4,4,4,2,2
7484309,20,female,1,5,2,4,2,1,2
7484390,26,male,1,4,1,2,4,5,2
7488050,20,female,0,3,2,2,4,4,4
7488107,22,female,1,2,1,4,3,4,2
7488201,31,female,1,2,4,2,4,1,2
7488262,20,female,1,2,3,5,2,3,2
7490411,18,male,0,4,2,3,4,3,3
7490464,19,female,1,4,3,3,3,4,2
7490654,19,male,1,4,3,4,3,3,4
7490793,20,female,1,5,1,5,5,3,3
7490879,21,male,0,2,3,3,2,4,3
7490998,19,female,0,4,2,2,4,4,1
7491084,24,female,0,4,3,4,3,4,4
7499669,23,male,0,2,2,4,2,4,2
7499776,20,female,1,4,2,4,2,3,2
7499834,19,female,1,4,2,3,4,4,2
7499906,18,female,1,2,4,5,3,5,3
7502430,19,male,1,4,2,3,4,4,2
7502705,20,male,0,2,1,2,4,4,3
7505175,20,female,1,2,4,3,2,2,4
7505273,20,female,1,1,4,5,2,2,1
7505336,18,male,0,3,2,4,4,4,5
7505399,20,female,1,3,1,3,3,4,5
7507287,19,male,1,3,4,4,5,5,1
7507388,18,female,1,2,3,4,3,3,3
7507577,19,female,1,2,3,4,3,4,3
7507680,19,female,1,3,2,4,3,3,2
7507913,20,male,1,3,2,4,2,1,2
7528212,19,female,0,2,5,3,2,5,2
7528314,18,female,1,3,4,4,3,3,2
7528382,21,male,0,3,4,5,3,4,5
7528457,21,female,1,4,3,4,2,3,1
7554782,19,female,1,2,2,4,2,5,4
7554936,18,female,1,3,2,4,2,4,2
7554999,21,female,0,4,2,2,2,3,3
7555047,21,female,1,3,1,3,4,3,1
7556988,23,female,0,4,1,3,4,4,2
7557045,22,female,0,4,2,3,2,2,2
7557109,19,female,1,4,2,3,3,4,3
7557158,20,female,1,2,3,5,2,4,2
7557265,19,male,1,3,2,4,4,4,4
7557309,18,female,0,3,2,2,2,4,3
7572963,19,female,1,4,2,4,3,4,3
7573089,21,female,0,2,2,4,3,4,3
7573198,NA,male,0,4,2,2,4,4,4
7573315,22,female,1,3,4,2,3,4,3
7573373,19,female,1,3,4,3,2,3,2
7573410,20,male,0,2,3,2,3,3,2
7573485,21,female,1,2,2,4,3,4,4
7579355,NA,female,1,3,2,4,3,3,3
7581308,19,female,1,4,2,4,4,5,2
7581468,19,male,0,1,4,4,3,4,2
7581527,21,male,1,4,2,2,4,5,1
7581626,19,female,1,3,3,4,2,4,2
7581681,19,female,1,3,2,3,4,3,4
7581819,19,female,0,3,2,4,4,3,3
7581885,21,female,1,2,4,5,1,3,2
7605054,21,female,1,2,2,4,2,4,4
7467918,18,female,1,3,2,4,4,4,2
7483990,18,female,1,4,1,3,3,4,2
7605151,18,female,0,2,3,4,3,2,2
7605269,18,female,1,4,3,4,2,2,4
7609447,18,male,1,3,2,5,3,4,4
7612974,20,male,0,4,2,4,3,3,2
7613132,19,male,1,3,3,3,3,4,4
7613291,20,male,1,3,5,5,4,4,4
7613398,21,female,1,4,3,4,3,3,2
7470332,21,female,1,3,2,3,4,4,3
7467991,20,female,0,3,2,3,3,4,3
7467833,20,female,0,2,2,2,3,4,4
7472908,20,female,1,4,2,2,2,4,2
7470231,19,female,1,3,2,4,3,3,2
7470408,19,female,1,1,4,4,2,1,4
7470483,18,female,1,3,1,1,3,3,3
7475447,NA,NA,1,4,2,4,3,4,2
7612846,20,female,1,3,2,4,2,2,3
7475080,19,female,0,3,4,4,3,2,3
7625515,NA,NA,0,NA,NA,NA,NA,NA,NA
7483723,20,female,1,3,2,3,2,3,3
7554872,18,female,0,2,3,4,3,4,2
7613786,18,male,1,3,2,4,3,2,3
7581766,NA,NA,0,NA,NA,NA,NA,NA,NA
7472982,21,female,1,3,3,3,3,2,4
7481150,23,female,1,4,1,4,3,3,2
7527353,18,male,0,3,5,2,4,4,3
7527315,21,male,0,3,4,4,4,4,2
7527652,19,female,1,2,3,4,2,4,3
7527639,18,female,0,3,3,4,2,2,4
7530284,20,female,1,4,2,4,3,4,3
7530570,22,female,1,2,5,3,3,4,2
7530749,20,female,1,4,2,5,3,4,4
7530899,18,female,1,2,1,3,4,5,2
7532124,19,female,0,4,1,4,4,4,3
7481298,21,female,1,3,2,4,4,4,2
7532401,18,female,1,3,2,2,3,3,2
7535999,21,female,0,4,1,1,5,3,2
7536210,19,female,0,2,5,5,1,1,5
7536370,19,male,1,3,1,2,4,5,2
7536730,21,female,1,3,1,5,4,2,5
7536884,19,female,0,3,4,4,3,3,3
7538740,19,female,1,2,2,2,3,4,2
7538910,18,male,1,3,4,4,3,4,3
7481317,18,female,1,2,3,4,2,4,4
7539297,19,female,1,4,2,4,3,4,2
7539298,18,female,1,4,2,2,4,4,2
7539467,19,female,0,3,4,4,3,3,3
7539469,20,female,0,2,3,4,2,4,2
7541048,19,female,0,4,4,2,4,4,4
7541135,18,male,1,2,2,3,4,4,3
7541124,18,female,1,4,2,4,4,4,2
7541319,18,female,1,3,2,2,4,4,2
7541333,NA,female,1,2,1,1,4,4,3
7543510,19,female,1,2,3,5,3,4,3
7481577,18,female,1,4,5,3,3,4,2
7543672,20,male,1,3,1,3,3,4,3
7543930,18,female,1,3,4,4,2,3,2
7543939,17,female,1,3,1,2,2,5,2
7545279,17,female,1,3,4,4,3,3,2
7545471,20,female,1,3,2,4,4,3,2
7545615,20,female,1,4,2,3,3,2,2
7545616,21,female,1,4,2,3,4,4,3
7545825,20,male,1,2,4,3,2,4,3
7545925,18,female,0,3,3,3,1,4,4
7545924,18,female,1,2,2,3,3,2,3
7545978,19,female,0,5,2,4,1,5,4
7549541,22,female,1,3,1,2,1,3,5
7549873,22,female,0,1,1,1,1,5,1
7550161,19,female,1,4,3,4,4,4,3
7550164,23,male,1,4,2,4,4,4,3
7550231,19,female,1,2,3,3,3,3,3
7550265,19,female,1,3,2,4,3,5,2
7550360,19,female,1,3,2,3,4,4,3
7550359,21,female,1,3,4,3,3,4,4
7550481,18,female,1,4,3,4,2,3,4
7550482,22,female,1,4,2,4,4,4,2
7554124,20,male,0,NA,NA,NA,NA,NA,NA
7554254,18,female,1,3,2,2,4,3,2
7556798,19,female,1,4,2,3,2,4,3
7557203,18,female,0,4,4,4,2,4,4
7557222,18,female,1,4,2,3,4,5,2
7557319,19,female,0,4,1,2,3,3,3
7482021,20,female,0,2,3,4,3,3,4
7557399,19,female,1,4,1,2,5,5,3
7558633,22,female,0,4,2,2,4,4,2
7558635,18,female,1,2,2,2,4,3,2
7558775,22,male,0,3,2,2,2,4,4
7558776,20,female,1,3,2,3,3,3,3
7558904,24,female,0,3,2,3,4,3,2
7559109,18,female,0,3,4,4,3,4,2
7559107,18,female,1,2,2,3,3,4,4
7559363,-2,male,0,4,1,1,5,5,2
7559366,19,female,1,3,2,3,3,5,3
7482039,24,female,0,3,2,1,4,4,2
7559494,20,female,1,3,5,4,2,2,4
7559566,20,female,0,5,1,2,4,5,2
7562903,21,female,0,3,2,3,2,4,4
7562913,18,female,1,5,2,4,2,4,1
7563016,18,female,0,2,4,4,3,3,4
7563017,25,female,1,3,2,3,2,3,3
7563192,20,male,1,3,2,2,4,3,3
7563193,19,female,0,3,1,2,5,5,4
7563668,21,male,1,3,2,4,3,3,3
7563783,18,female,1,2,3,4,3,3,3
7483590,18,female,1,3,1,3,3,4,3
7563784,20,female,0,4,2,4,3,1,1
7563875,19,female,1,3,2,4,2,2,2
7563874,18,female,1,3,4,3,3,4,4
7564112,19,female,0,4,2,4,3,4,2
7567381,18,female,1,3,3,3,3,4,3
7567597,21,female,1,3,2,3,2,3,2
7567839,19,male,1,2,2,3,4,4,2
7568258,18,female,0,3,2,4,2,3,3
7568471,22,male,1,5,2,2,3,4,3
7568473,26,male,1,4,1,3,4,5,2
7568615,19,male,0,3,4,4,4,4,2
7568616,21,male,0,3,4,3,4,4,3
7570403,19,female,0,4,1,4,4,4,4
7570585,18,female,0,3,4,5,4,5,5
7570703,18,female,1,4,3,3,2,3,4
7570704,18,female,0,4,2,4,1,1,1
7572849,18,male,1,4,3,2,4,2,2
7573248,19,male,1,2,2,4,2,4,3
7573249,21,female,0,3,1,3,2,4,3
7573357,22,female,1,2,2,4,4,4,1
7483896,18,female,1,3,4,2,2,4,3
7573466,19,male,1,4,2,3,3,2,3
7574442,42,female,0,1,1,1,4,4,2
7574439,18,female,1,3,3,2,4,4,3
7574548,18,male,1,3,2,4,4,4,2
7574579,19,female,0,4,2,3,3,3,3
7574757,21,female,1,3,2,3,3,2,2
7574897,19,male,1,4,2,4,2,2,2
7574956,18,female,1,3,3,4,4,5,2
7574959,18,male,1,3,2,4,2,3,2
7484199,19,female,1,3,2,3,2,4,3
7575010,19,female,0,4,2,4,3,3,2
7578597,18,female,1,4,5,2,3,4,3
7578592,18,female,1,3,2,2,4,4,2
7578672,22,male,0,3,4,3,3,3,2
7578671,19,male,0,3,4,2,3,3,2
7578802,19,female,1,3,2,4,4,2,3
7578801,19,female,1,4,2,2,3,3,2
7579044,20,male,1,1,4,4,4,3,3
7579134,19,female,1,4,3,3,2,3,2
7579135,20,male,1,3,2,3,4,3,2
7484203,19,female,1,4,2,4,4,4,2
7579256,24,male,0,2,2,3,3,4,3
7579356,18,male,1,2,4,5,2,2,5
7579358,18,male,1,3,2,2,3,5,4
7580846,19,female,0,4,2,2,2,2,2
7581199,19,male,1,2,2,2,4,4,3
7581581,18,male,1,3,2,4,4,4,3
7581582,18,female,1,1,4,4,2,3,4
7581695,19,female,1,3,1,4,4,5,2
7581836,19,male,1,3,2,4,3,4,3
7484346,24,male,1,3,1,4,4,1,4
7603434,19,male,0,4,2,4,4,4,3
7603806,21,male,1,4,2,3,4,4,4
7604164,19,male,1,3,2,4,2,3,2
7604951,18,female,0,4,2,2,4,4,4
7604953,20,female,1,4,2,4,4,5,2
7605233,21,male,1,2,2,4,3,3,3
7605236,20,female,0,3,2,4,4,3,4
7605478,21,female,1,4,3,4,2,2,3
7605464,22,male,0,3,1,4,4,4,1
7608032,19,female,1,4,1,1,4,5,3
7484356,18,male,1,4,2,4,3,4,2
7608198,18,female,0,3,5,1,3,3,1
7608276,20,female,1,3,2,3,3,4,2
7608659,18,male,1,4,2,3,3,4,3
7612699,18,male,0,4,4,4,3,2,2
7612968,21,male,1,2,4,4,4,2,3
7613232,19,male,1,3,3,4,2,1,4
7613491,18,male,1,4,1,1,5,3,2
7613489,18,female,0,3,2,3,3,3,4
7613766,18,female,0,1,1,1,4,3,3
7613904,18,male,1,2,3,5,1,3,2
7484483,19,male,0,2,2,3,2,4,3
7487055,21,female,1,3,2,4,3,4,2
7487268,19,female,1,4,3,4,3,4,3
7487591,22,male,1,3,1,2,2,5,1
7490278,19,female,0,4,1,3,4,5,4
7490460,19,female,0,3,2,3,3,3,3
7490555,21,male,1,2,2,4,4,2,2
7490755,23,female,0,3,2,3,3,3,3
7490923,20,female,1,3,4,4,3,2,2
7492549,18,male,1,1,4,3,2,4,4
7492539,19,female,0,3,1,2,4,5,3
7492626,22,female,1,2,2,3,2,4,2
7492729,18,female,1,4,4,4,3,3,3
7492840,25,male,0,4,2,2,4,4,2
7498569,21,female,1,2,2,4,4,4,2
7498676,18,female,1,3,1,4,4,4,4
7498802,21,male,1,3,5,4,4,5,4
7498803,23,male,1,4,1,2,3,5,3
7499073,20,female,1,3,3,4,4,4,3
7499076,22,female,1,2,2,4,3,4,4
7499507,20,male,0,4,2,3,4,4,4
7499672,20,female,0,3,2,2,4,4,2
7499794,22,female,0,3,1,1,4,4,1
7499933,19,NA,1,NA,2,5,2,2,3
7499938,18,female,1,2,3,4,3,4,2
7501754,18,female,0,4,2,3,2,3,2
7501944,19,female,0,5,2,2,3,3,2
7502060,18,male,1,4,2,2,3,4,4
7502462,18,female,0,3,3,4,4,3,3
7502694,20,female,0,2,3,3,3,3,3
7502677,18,female,1,3,2,3,3,4,3
7502786,19,male,1,4,2,3,3,4,2
7502856,19,male,1,5,3,4,4,4,3
7504325,20,male,1,3,1,3,3,5,1
7504528,20,female,1,2,3,4,1,3,1
7504501,18,female,1,3,4,5,3,5,4
7504648,21,male,0,3,2,2,3,4,4
7504702,19,female,0,4,2,5,4,5,3
7507368,22,female,1,4,2,4,3,4,3
7481020,22,male,1,3,3,2,4,4,2
7507563,19,female,0,3,2,2,4,4,2
7507850,19,male,0,3,3,2,4,4,3
7508066,18,male,0,3,4,4,4,4,4
7508058,20,male,0,2,2,4,3,4,2
7508195,19,female,0,2,2,2,4,4,1
7508329,20,male,1,2,2,4,4,4,5
7510463,18,male,1,4,2,3,3,3,2
7510471,22,male,0,3,4,4,4,4,2
7510758,19,female,0,3,4,3,1,3,4
7510753,19,female,0,3,1,1,4,4,2
7481053,18,female,1,4,1,3,4,4,1
7511043,25,male,0,2,1,1,2,4,2
7511458,18,female,1,2,2,2,3,3,2
7518862,19,female,0,3,4,4,1,1,2
7518887,21,male,1,2,2,5,3,4,1
7519056,19,male,1,3,2,4,3,5,2
7519058,18,female,1,4,2,4,4,4,4
7519236,22,female,1,3,5,2,3,3,2
7499795,18,male,0,4,4,4,3,4,3
7574898,19,male,0,4,3,2,4,4,3
7519235,18,female,0,3,4,2,3,2,4
7519908,17,female,0,4,2,4,2,4,2
7481148,23,male,1,3,3,3,4,5,3
7520084,24,female,0,NA,3,2,2,NA,NA
7520241,19,female,1,3,2,4,4,4,2
7520243,19,female,1,3,3,3,1,1,3
7522441,19,female,1,2,3,5,2,5,3
7522783,19,female,1,5,3,4,2,2,4
7523894,18,female,1,3,1,1,5,5,2
7524382,20,female,0,1,3,4,3,3,3
7524603,19,female,1,2,5,2,4,5,5
7524600,21,female,1,3,2,4,3,4,3
7527207,22,female,1,3,2,2,4,4,3
7487457,19,male,1,NA,2,4,4,4,NA
7490825,18,female,0,3,2,3,3,5,3
7491064,21,female,1,2,4,4,2,3,3
7559496,NA,NA,0,NA,NA,NA,NA,NA,NA
7483665,NA,NA,1,NA,NA,NA,NA,NA,NA
7532234,NA,NA,0,NA,NA,NA,NA,NA,NA
7499685,20,male,1,2,4,4,2,2,4
7581693,19,male,0,4,1,3,3,4,2
7481777,20,female,0,3,5,5,1,5,2
7481901,19,female,1,2,2,2,3,4,3
7530936,20,female,1,2,2,3,3,4,3
7482194,NA,NA,0,1,4,4,4,4,4
7574919,NA,NA,0,4,1,1,4,4,3
7574552,NA,NA,0,NA,NA,NA,NA,NA,NA
7519760,19,female,0,3,3,4,2,3,2
7380472,19,female,1,4,2,4,3,3,2
7392375,18,female,1,1,4,4,2,5,4
7556733,18,male,0,4,4,2,4,4,2
7556732,18,female,1,2,3,4,2,3,4
7556806,18,female,1,4,2,3,4,4,3
7556807,19,male,0,2,2,3,4,4,2
7556900,18,male,1,3,1,3,4,4,2
7556898,18,male,1,3,2,4,4,2,2
7556908,18,female,0,2,1,1,5,5,2
7556965,18,female,1,3,3,4,4,4,2
7567338,18,male,1,2,2,4,3,3,4
7567478,20,male,1,2,2,4,3,4,2
7392377,18,female,1,3,2,2,4,4,2
7567485,19,female,0,4,1,1,4,4,1
7567587,20,male,0,3,4,5,3,4,2
7567754,19,male,1,3,2,4,3,3,2
7567815,18,female,1,5,2,1,4,5,1
7572704,20,female,0,3,2,4,4,5,2
7572749,19,female,1,2,4,2,4,5,2
7572860,18,female,1,4,2,3,3,4,2
7572926,19,male,1,4,2,3,4,4,3
7573002,22,male,1,4,2,3,4,4,3
7603245,20,male,1,2,3,4,4,4,2
7392517,18,female,1,2,3,3,3,4,2
7603261,19,female,1,3,4,4,4,3,2
7603664,18,female,1,3,4,4,2,3,2
7603746,18,male,1,3,3,4,4,4,2
7603926,18,male,0,4,2,2,3,4,4
7603965,21,male,1,2,2,2,4,4,3
7604098,18,female,1,4,2,3,3,4,2
7604153,18,male,0,3,2,2,3,5,2
7604176,19,male,1,3,1,2,3,4,1
7612627,18,female,1,2,2,5,4,2,4
7612669,19,male,1,2,2,2,3,4,3
7612707,20,male,1,1,2,3,4,4,2
7612798,18,female,1,2,2,4,3,4,2
7612849,18,female,1,2,4,2,3,3,2
7612909,18,male,1,NA,2,3,2,4,3
7612916,19,female,1,3,4,3,2,5,4
7630889,20,male,0,4,3,3,4,4,5
7631103,18,male,1,4,1,2,5,5,3
7397194,18,female,1,4,2,3,4,3,3
7397324,18,female,1,4,3,4,5,3,4
7397325,18,female,1,2,3,4,2,2,4
7397396,18,female,0,4,3,2,2,3,2
7397397,18,female,1,2,2,2,4,4,2
7397559,18,female,1,1,2,3,4,4,3
7380473,18,male,1,3,2,2,4,4,2
7397557,18,female,1,4,3,3,2,3,3
7397693,18,female,1,2,2,4,2,2,3
7397688,18,male,1,2,3,2,3,4,2
7407086,18,male,1,4,4,4,2,4,2
7407084,19,female,0,3,2,4,2,2,3
7407270,18,female,1,3,2,4,3,3,3
7407328,18,male,1,2,4,5,2,5,2
7407327,18,female,1,3,3,4,4,3,2
7407447,19,male,1,4,2,4,4,2,2
7407534,18,female,1,2,3,5,3,2,4
7380623,19,male,1,4,2,4,4,4,2
7407701,18,female,0,2,4,3,3,2,4
7407692,21,female,1,4,2,2,3,3,3
7407780,19,female,1,2,2,3,4,4,4
7413283,18,female,1,2,3,4,2,1,3
7413284,18,female,1,4,2,2,4,1,2
7413330,20,male,1,3,2,2,4,4,2
7413331,18,female,1,4,2,2,4,4,1
7413429,20,female,1,2,2,5,3,2,3
7413428,21,female,1,2,5,2,4,5,3
7413575,18,female,0,2,3,3,3,3,3
7380624,18,female,0,2,4,4,3,3,4
7428367,18,female,1,2,2,4,2,2,4
7428424,19,male,1,4,2,4,2,3,2
7428430,18,female,1,2,2,4,2,4,1
7428512,18,female,1,4,3,4,1,2,2
7428513,19,female,1,2,2,2,3,4,2
7428617,18,female,0,2,2,2,3,4,4
7428713,19,female,1,3,2,4,3,4,2
7428714,18,female,1,4,2,4,3,5,3
7380763,19,female,1,3,2,2,3,2,4
7437677,18,female,1,4,2,2,4,4,4
7437678,18,male,0,2,3,4,3,3,2
7437796,18,female,0,1,2,3,2,2,4
7437797,18,female,1,4,4,3,2,3,4
7437937,19,female,1,1,2,3,2,5,4
7438163,18,female,1,3,2,4,3,4,2
7444370,18,female,0,4,4,5,2,2,4
7444389,19,female,0,4,4,2,4,2,4
7444388,18,female,1,3,2,3,3,4,3
7444367,18,female,1,3,3,4,3,4,4
7392224,18,male,1,1,3,4,2,4,2
7444492,19,female,0,3,4,2,2,2,4
7444527,20,female,0,2,4,5,3,3,4
7444528,18,female,1,2,2,3,2,3,3
7459911,18,male,1,4,2,2,4,4,2
7459912,18,female,1,2,4,4,2,2,2
7460029,18,female,0,3,2,2,3,4,2
7460027,18,female,1,2,2,4,2,4,3
7460355,20,female,1,4,2,2,4,3,2
7392222,18,female,1,2,1,5,3,5,2
7474665,18,female,1,2,2,4,3,4,3
7474710,19,male,0,4,3,4,4,2,4
7474770,20,female,0,3,2,5,3,2,2
7474829,19,female,1,2,4,3,4,3,2
7474852,18,female,1,4,1,4,3,4,2
7483561,19,female,1,2,3,4,4,3,2
7483556,18,male,1,3,2,4,4,4,1
7483691,18,female,1,2,5,5,4,4,1
7483769,18,female,1,4,2,3,3,3,2
7483860,26,female,0,4,2,2,4,5,3
7483914,18,female,1,4,2,3,2,4,3
7490394,18,female,1,2,2,2,2,4,4
7501745,20,female,1,2,3,4,2,4,4
7501957,21,male,1,2,1,2,4,5,2
7502045,18,male,1,2,3,4,3,3,3
7502085,19,female,1,2,2,4,4,4,3
7522048,18,female,1,4,2,2,3,4,3
7522474,18,female,1,3,3,4,3,2,4
7522760,18,female,1,2,2,5,4,4,3
7530073,19,female,0,3,1,2,3,4,2
7530161,18,female,1,2,3,3,2,3,2
7530315,18,female,1,4,2,5,3,4,4
7538645,19,female,0,1,3,5,3,4,2
7538695,18,male,0,3,4,4,3,2,2
7538696,19,female,1,3,3,4,2,4,4
7538827,19,male,1,2,2,2,4,3,4
7543257,18,female,1,3,2,2,4,4,2
7543412,19,female,1,2,4,2,3,5,2
7543524,19,female,1,1,2,5,2,4,2
7543673,24,male,1,2,3,4,4,4,3
7603394,NA,NA,0,NA,NA,NA,NA,NA,NA
7428303,18,female,1,2,3,4,2,2,4
7392345,19,female,1,2,2,4,4,2,2
7460162,19,female,0,2,4,3,3,3,3
7428304,19,male,1,2,2,2,4,5,3
7392354,18,female,1,3,4,2,3,3,4
7397229,18,male,1,2,2,5,4,4,1
7460128,18,female,1,2,4,4,3,3,4
7385064,20,female,1,2,2,2,4,5,2
7410598,20,female,1,2,1,3,4,4,2
7410738,20,female,1,3,2,3,3,4,1
7415199,34,female,1,1,3,4,4,2,4
7415198,39,female,1,4,2,3,3,4,1
7415311,21,male,0,2,2,4,4,5,2
7420478,20,male,1,2,2,3,2,4,3
7423399,19,female,1,3,3,2,5,3,2
7426120,18,female,0,4,1,4,2,4,4
7428394,18,male,0,4,1,3,5,5,2
7385139,18,female,1,2,2,4,3,3,2
7435392,19,male,1,2,5,2,3,4,3
7438244,24,female,0,1,1,4,2,4,4
7447121,22,female,1,3,3,3,3,3,3
7452090,18,female,1,2,2,4,2,4,4
7454951,21,female,1,3,1,2,2,4,1
7457947,21,female,0,4,3,4,2,4,4
7460233,20,male,1,2,1,1,4,5,3
7462678,20,female,0,4,2,2,4,4,3
7472645,21,female,1,4,2,4,4,3,2
7472643,19,female,1,2,2,3,3,2,2
7474853,23,female,0,1,5,3,4,5,5
7474858,23,female,1,2,3,4,3,3,3
7481513,19,female,1,3,2,2,3,3,3
7481621,20,female,1,3,2,4,3,4,4
7483702,22,female,1,4,2,3,2,4,2
7483700,22,female,1,4,2,4,3,4,5
7483940,22,female,0,3,1,2,2,4,3
7395265,18,female,1,1,5,4,2,2,4
7483911,20,female,1,2,3,2,4,1,4
7528016,19,female,1,3,4,4,5,4,2
7536397,19,female,0,3,4,3,3,4,4
7545083,23,female,0,2,2,4,2,2,4
7545080,19,female,1,3,1,2,3,3,5
7545150,32,female,0,2,3,4,4,3,2
7558593,19,male,0,1,2,4,4,3,4
7558666,18,female,0,1,3,4,2,3,3
7558732,20,female,1,3,2,2,2,2,3
7397408,20,female,1,2,2,4,2,2,2
7559047,20,male,1,1,1,1,5,5,1
7563613,18,female,0,2,1,5,4,4,3
7567423,22,male,0,3,1,5,5,5,1
7567425,21,male,0,5,5,5,4,5,4
7567526,22,male,0,2,4,3,4,4,2
7567638,20,female,1,3,2,2,4,4,1
7567874,21,female,0,4,2,2,4,4,3
7571036,18,female,1,4,1,2,4,4,2
7571093,41,male,0,1,4,2,3,4,3
7399450,20,female,0,4,2,4,2,4,2
7571172,19,male,1,3,2,2,3,4,2
7574398,22,female,0,3,3,5,5,5,1
7574523,19,female,1,2,4,5,1,1,3
7574589,19,female,0,4,1,4,3,3,2
7574585,20,female,0,3,4,4,4,3,3
7574639,21,female,0,2,4,3,3,3,3
7574820,19,female,0,1,1,5,1,3,3
7574821,19,female,1,4,1,4,4,4,1
7574878,20,male,1,1,2,4,3,2,2
7597063,21,female,1,3,2,3,4,2,4
7399538,21,male,1,2,2,4,3,5,4
7597202,22,female,0,5,1,1,5,5,3
7597424,19,male,1,4,2,5,2,3,5
7597567,25,female,1,3,1,2,4,4,3
7597810,19,female,0,3,2,2,3,4,3
7597912,20,female,0,2,2,4,2,3,2
7598931,20,female,1,3,1,4,4,4,3
7609168,19,female,1,2,4,4,2,3,4
7609392,18,female,1,2,4,4,2,4,4
7407806,19,female,0,3,3,3,3,3,3
7609415,20,female,1,5,1,5,5,5,1
7609482,20,male,0,3,4,4,3,2,3
7609509,22,female,1,3,3,4,2,3,2
7609574,20,female,1,1,2,4,2,3,3
7609571,18,female,0,3,2,4,4,4,2
7609592,18,female,1,3,2,5,3,2,3
7609675,19,male,1,3,2,3,2,4,3
7611771,22,female,0,3,2,3,3,4,3
7612100,20,female,1,2,3,4,4,4,3
7611991,23,female,1,3,2,4,3,4,2
7410599,18,female,1,1,2,2,3,3,4
7612315,23,female,1,2,2,4,4,4,2
7612318,23,female,0,3,3,3,3,3,3
7428396,18,male,1,4,4,3,4,4,2
7395197,19,male,0,5,1,1,1,4,1
7413267,21,female,1,3,2,4,4,4,2
7609245,20,female,1,1,4,4,2,4,3
7559049,20,male,1,3,2,4,4,4,2
7609241,20,female,1,2,2,4,4,2,3
7483773,20,female,1,2,4,4,2,4,3
7438101,18,female,1,4,5,5,5,2,1
7438372,21,male,1,3,4,4,2,3,3
7438377,17,female,1,2,3,4,2,1,4
7440552,18,female,0,3,3,2,3,3,2
7440600,21,female,1,3,2,2,4,4,2
7440825,18,male,1,4,2,3,4,4,2
7440827,21,male,0,2,2,2,4,3,2
7441049,18,female,1,4,2,4,3,4,2
7441050,20,male,1,2,2,4,4,4,2
7441326,18,female,0,3,2,4,3,4,2
7443696,NA,female,0,3,4,4,3,4,4
7451145,NA,male,1,4,2,4,4,4,5
7451250,17,female,1,4,3,4,2,1,4
7451397,18,female,0,2,3,4,3,2,4
7451394,20,female,1,2,4,4,3,2,2
7454047,21,female,1,4,2,3,3,4,2
7454233,19,male,0,2,4,4,2,3,4
7443469,18,male,0,2,2,4,3,2,3
7454365,18,male,1,2,4,5,2,5,2
7454527,19,female,1,4,3,4,4,1,2
7454526,18,female,1,4,2,3,1,4,4
7454683,20,male,0,3,3,2,3,3,3
7454697,19,female,0,2,2,4,4,4,2
7454948,20,female,1,4,2,4,2,4,2
7454928,NA,female,1,3,1,3,3,4,2
7455171,18,female,1,3,1,4,2,4,2
7455179,19,female,1,3,4,4,4,2,4
7460336,19,female,1,3,3,2,2,3,4
7466362,21,female,0,3,2,1,4,4,2
7466357,18,female,1,3,2,4,2,3,2
7558634,19,male,1,4,5,4,2,5,5
7570282,19,female,1,2,3,4,4,2,2
7570679,18,male,0,NA,2,4,3,2,4
7570952,20,female,1,2,3,4,2,4,4
7578497,21,male,1,4,2,3,3,3,2
7578483,18,female,1,3,2,3,2,3,4
7580851,19,male,0,4,3,3,4,4,3
7581247,18,female,1,4,2,2,4,4,2
7581250,18,female,1,1,3,2,2,1,3
7581401,20,female,1,2,2,3,3,4,2
7581402,18,male,1,4,2,3,4,5,2
7583880,18,female,1,4,3,4,2,3,2
7583890,45,female,0,3,4,4,4,4,3
7584075,17,male,1,3,2,4,3,5,2
7584105,18,female,1,4,2,2,4,4,2
7584337,21,male,0,3,1,4,4,4,2
7584293,20,female,1,3,2,4,4,3,4
7590905,19,female,0,3,4,2,4,4,2
7590995,18,female,1,4,2,3,4,5,5
7437651,18,female,1,2,1,4,3,5,4
7596796,18,female,0,4,1,5,5,5,1
7596987,18,female,1,4,2,4,3,3,4
7596988,26,male,1,4,2,3,3,5,3
7603361,23,female,1,4,2,2,4,4,2
7603358,18,male,1,2,2,3,3,4,3
7603751,20,male,1,3,2,2,4,5,4
7603004,20,male,1,4,2,4,2,2,5
7437886,18,female,1,2,4,4,3,3,3
7603011,19,male,1,4,1,4,4,5,4
7607753,21,male,1,2,1,4,3,1,3
7608910,18,female,1,1,4,4,3,4,4
7611603,20,female,0,4,2,2,4,3,2
7611800,20,male,1,2,2,2,4,4,2
7438106,19,male,1,4,2,2,4,3,2
7603738,23,female,1,2,3,2,3,4,3
7603844,19,male,0,3,3,3,3,3,3
7459580,NA,female,1,3,2,4,3,4,2
7459848,20,female,0,2,2,4,2,2,4
7597541,20,female,1,3,1,2,4,4,2
7602411,20,female,1,2,1,4,3,4,2
7584401,18,female,1,3,3,4,2,3,3
7570546,19,male,1,2,2,2,3,4,2
7466472,18,female,1,4,2,4,3,3,2
7580832,18,male,1,3,2,5,2,5,4
7581061,18,female,1,4,4,3,4,5,4
7466806,20,female,0,3,4,4,3,2,2
7591103,NA,NA,0,1,1,4,3,5,2
7451266,18,female,1,4,4,4,2,3,3
7580608,19,female,0,3,2,4,3,3,3
7469672,17,female,1,4,3,4,2,3,2
7596832,NA,NA,1,3,2,4,3,2,2
7501373,19,male,1,2,2,2,4,3,3
7501372,18,female,1,4,2,4,4,3,2
7501450,18,female,1,2,4,3,2,4,3
7501425,18,male,1,4,2,1,4,3,1
7501423,18,female,1,2,2,3,3,4,3
7501652,NA,NA,0,3,2,4,3,3,2
7501611,18,female,0,4,2,3,3,2,2
7501598,21,female,1,3,2,4,4,4,2
7501795,18,female,1,4,2,4,2,4,2
7501910,18,male,1,2,2,4,4,4,3
7501912,19,male,1,4,2,3,3,4,4
7501913,19,male,0,4,2,5,3,4,2
7507129,18,female,1,3,2,3,2,4,4
7507126,18,male,1,3,4,4,3,3,4
7507256,18,male,1,3,2,4,4,4,2
7507255,18,female,1,5,1,3,4,5,2
7507259,21,female,1,2,2,4,3,4,4
7507374,18,female,1,3,2,3,3,3,2
7507383,20,female,1,2,3,4,3,4,2
7410028,18,female,1,3,3,3,3,4,2
7507540,18,NA,0,2,3,4,4,2,2
7507527,19,female,1,2,2,2,4,4,4
7507639,18,female,1,3,4,4,2,3,2
7507638,18,male,0,1,2,4,2,2,4
7507804,18,female,1,2,3,4,3,4,3
7507802,19,female,1,4,3,3,4,2,5
7507806,19,female,1,3,2,4,3,5,3
7527605,18,female,0,2,4,4,2,4,3
7527610,20,female,1,2,2,4,3,1,2
7527611,18,female,1,1,1,3,4,4,3
7410026,19,female,1,2,4,4,3,4,5
7531806,19,female,1,4,3,3,2,4,3
7531807,19,female,1,2,2,4,4,4,3
7531954,18,male,1,4,2,3,3,4,3
7531970,19,female,1,3,1,2,4,4,2
7531953,19,male,1,3,2,4,2,3,3
7532043,NA,NA,0,NA,NA,NA,NA,NA,NA
7532028,18,male,1,3,2,4,2,5,3
7532099,18,female,1,3,2,3,3,2,2
7532109,20,female,0,3,1,2,4,5,2
7532100,19,male,1,3,2,3,4,3,2
7532173,19,NA,1,2,3,3,2,3,2
7532159,18,female,1,4,2,3,4,4,2
7532161,20,female,1,4,2,2,4,2,2
7532226,19,male,0,1,2,5,3,4,4
7538373,18,male,1,3,2,3,3,3,2
7538372,18,male,1,3,2,4,3,2,3
7538371,19,female,1,3,4,4,3,3,4
7538455,NA,NA,0,NA,NA,NA,NA,NA,NA
7538454,19,female,1,2,2,4,3,2,2
7538453,18,female,1,4,2,4,3,3,2
7538590,18,female,0,2,2,2,4,5,2
7538670,22,female,1,2,1,2,4,3,4
7538667,19,male,1,3,2,2,3,4,2
7538668,20,female,1,2,1,4,3,2,3
7538790,20,male,1,4,2,4,3,4,5
7538745,19,male,0,4,1,1,4,4,1
7556719,18,male,1,3,2,4,3,4,2
7556729,18,female,0,4,2,2,3,4,2
7556856,20,female,1,2,4,5,2,1,5
7556880,18,male,0,4,4,4,4,2,1
7556961,20,male,1,2,2,3,4,4,3
7556959,18,female,1,3,2,4,2,3,2
7556957,19,female,1,4,2,4,3,4,4
7557009,18,female,0,4,2,4,3,5,3
7557013,18,female,1,3,3,3,3,3,3
7558280,20,male,1,2,1,4,3,3,2
7558377,NA,NA,0,4,2,2,3,5,4
7558272,18,female,0,3,3,2,4,4,4
7410213,21,male,0,3,4,4,4,1,1
7558365,18,male,0,3,2,3,2,4,1
7558357,20,male,1,2,2,2,3,5,2
7558461,18,male,0,3,2,4,2,2,4
7558492,18,female,1,5,4,5,3,3,2
7558478,18,female,0,2,2,3,4,4,4
7570580,19,female,1,2,2,3,3,4,4
7570750,18,female,1,2,3,4,2,2,2
7570753,19,female,1,4,1,3,4,4,1
7572942,19,male,0,4,2,1,3,3,3
7572940,19,female,1,2,2,3,2,5,1
7572941,19,male,0,4,2,4,2,4,2
7573013,23,female,0,3,1,3,4,4,4
7573034,18,female,0,3,2,2,4,4,3
7573104,20,male,1,3,1,2,4,4,2
7573086,18,female,1,2,2,3,4,4,3
7410299,23,female,1,4,2,3,3,3,2
7603536,19,male,1,3,2,2,4,3,2
7603538,18,male,0,4,2,2,3,4,3
7603832,18,female,0,4,2,4,4,4,3
7603739,18,female,1,3,2,4,2,4,3
7607954,18,male,1,4,2,3,4,4,2
7608153,19,female,1,5,3,5,3,1,3
7608320,19,male,0,4,3,3,3,4,2
7608313,18,male,0,4,2,2,4,4,2
7410301,18,male,1,2,2,4,2,4,2
7608513,19,male,0,4,4,2,4,4,2
7608501,19,female,1,4,1,4,3,4,3
7616017,18,female,1,1,3,4,2,3,3
7616170,18,female,1,3,3,3,4,4,3
7616185,20,male,1,4,1,3,4,4,2
7419677,18,female,1,4,3,2,2,4,4
7419676,18,female,0,4,1,2,5,5,2
7419761,18,female,1,3,4,4,3,4,3
7419763,18,female,1,2,2,2,3,4,3
7419891,19,male,1,4,4,4,3,1,2
7419890,18,female,1,3,2,3,4,4,2
7419930,18,female,1,2,3,5,2,2,2
7420011,19,male,1,2,4,4,2,3,2
7420009,20,male,1,5,2,4,4,2,1
7425423,19,female,1,3,2,4,3,4,2
7425593,18,female,1,2,3,4,3,3,4
7425676,18,male,1,4,4,3,4,3,4
7425774,19,female,1,1,3,5,2,2,4
7425768,18,male,1,4,2,3,4,4,2
7443910,18,female,1,2,2,5,2,5,3
7443907,17,female,1,3,2,3,4,4,2
7443906,18,female,1,4,3,3,3,2,2
7444171,18,female,1,3,2,4,4,4,2
7444331,18,female,1,3,4,3,3,3,2
7444329,20,female,1,5,1,2,4,4,1
7444441,18,female,1,4,3,5,2,2,4
7444444,18,female,1,4,2,4,2,3,1
7444438,18,male,1,3,4,2,4,4,2
7459818,18,male,1,1,3,4,2,2,3
7459816,18,female,1,4,2,1,4,4,1
7459821,18,female,1,2,2,3,4,4,3
7459922,18,female,1,2,2,2,4,5,3
7459921,18,female,1,4,4,4,2,2,2
7460061,18,female,1,2,3,4,3,4,3
7460213,20,male,1,2,2,1,3,5,5
7460204,18,female,1,4,3,4,2,4,4
7460171,18,female,1,3,2,4,2,3,4
7466476,18,female,1,4,5,4,3,2,2
7466477,19,male,0,4,2,2,4,4,2
7466719,18,male,0,3,2,2,4,4,2
7476455,20,female,1,2,2,3,2,3,1
7476457,18,female,1,4,2,2,4,4,4
7476456,18,male,0,2,4,4,3,4,3
7476505,19,female,1,2,2,4,3,4,2
7476507,18,female,1,4,2,3,3,5,3
7476605,18,female,1,3,2,4,5,2,1
7476683,18,male,1,3,2,4,3,2,4
7476726,18,female,1,2,2,4,4,3,2
7476808,19,male,0,3,2,2,4,4,3
7476812,19,male,1,3,3,3,4,2,2
7487034,18,male,1,4,1,3,4,4,1
7409762,21,female,0,3,2,2,4,2,2
7487027,19,male,1,3,1,4,2,4,4
7487030,17,male,1,2,2,4,3,4,4
7487162,19,female,0,4,4,3,2,2,4
7487165,21,male,1,3,2,3,4,2,3
7487309,19,female,1,2,3,4,3,4,4
7490050,19,male,1,2,2,4,2,4,4
7490028,22,female,1,2,3,4,3,3,2
7490133,20,male,1,2,2,4,3,4,2
7492472,18,female,1,4,2,2,4,4,2
7492476,18,female,0,3,3,4,5,3,1
7492602,20,male,1,2,2,2,2,4,2
7492588,18,female,0,2,2,2,4,4,2
7492589,17,male,1,2,2,2,4,4,2
7492678,19,female,1,3,1,4,4,3,3
7492676,18,female,1,1,2,3,2,3,3
7413425,19,male,0,3,1,1,5,5,2
7611489,22,female,1,2,4,2,3,4,2
7612019,19,female,1,2,4,2,4,5,1
7612354,18,female,1,2,3,4,2,4,3
7612612,19,male,1,2,2,4,3,5,4
7413658,19,male,1,4,2,4,2,4,1
7415523,18,female,0,3,2,4,3,4,3
7420080,18,female,1,2,1,3,5,5,4
7420168,21,male,1,4,2,4,3,4,3
7420576,21,male,1,4,2,4,4,2,4
7423298,19,female,1,4,2,5,5,5,3
7425121,18,female,1,3,2,2,3,4,2
7428444,18,female,1,3,2,2,4,5,1
7428580,18,female,1,2,2,3,3,4,3
7430964,22,female,0,1,2,2,3,4,2
7434527,20,female,1,3,2,3,2,4,2
7434602,18,female,1,4,2,4,3,4,4
7434719,20,female,1,3,2,4,2,5,4
7441337,18,male,1,4,3,2,4,5,2
7444248,22,male,1,4,2,4,4,3,2
7446487,18,male,0,2,2,5,5,2,4
7451242,21,female,0,3,3,3,2,2,3
7454556,24,female,0,2,2,3,3,4,3
7457742,18,female,0,5,1,4,5,4,1
7460201,18,female,1,3,3,4,4,4,3
7462163,21,male,1,2,1,1,4,5,1
7462280,18,female,1,4,2,4,2,3,2
7466716,18,male,0,3,2,3,4,4,1
7466865,18,female,0,2,3,3,3,4,2
7472080,21,male,1,3,2,4,4,4,2
7472450,18,male,1,2,1,4,4,5,3
7472589,18,male,1,3,3,2,4,4,3
7472611,20,female,1,2,2,4,3,4,2
7474158,18,male,0,1,1,2,4,4,3
7474269,17,female,1,2,2,4,4,4,2
7474386,18,female,0,4,2,3,2,3,2
7474586,18,male,1,3,1,2,5,5,2
7474683,18,female,1,3,1,3,3,1,3
7474682,18,female,1,4,2,3,4,4,2
7476218,18,female,0,2,2,4,2,3,2
7476271,19,female,1,1,2,3,2,3,2
7476275,18,male,0,2,2,2,4,4,4
7476426,19,male,1,3,3,4,4,3,3
7476423,23,male,1,1,1,2,4,5,2
7476490,22,female,1,4,3,5,3,5,1
7481221,18,female,1,4,2,4,4,4,3
7481455,18,female,0,3,2,3,4,5,2
7481504,18,female,1,4,2,3,2,2,3
7483811,18,male,0,3,4,5,3,3,2
7483925,18,female,1,3,4,5,1,1,3
7486360,18,male,1,1,4,4,3,3,1
7486646,18,female,0,2,4,4,4,4,4
7487029,18,female,0,3,2,3,3,4,3
7487052,18,female,0,4,2,2,2,2,4
7487220,19,female,0,4,1,1,4,4,2
7487221,22,male,0,3,1,1,5,5,3
7487402,19,female,1,3,2,2,3,4,2
7487695,19,female,0,1,3,4,1,1,2
7487905,19,female,1,3,2,4,3,3,2
7487967,18,male,1,3,3,4,3,3,5
7488034,19,male,1,4,2,2,4,4,3
7409445,19,female,1,3,2,4,3,4,2
7504104,19,male,1,3,2,1,4,4,1
7504303,18,female,1,3,2,2,3,3,2
7507387,19,male,1,3,2,5,4,4,1
7510332,18,female,1,4,3,4,4,3,4
7529590,18,female,1,4,2,4,4,4,1
7530149,18,female,1,3,3,5,3,4,5
7532013,18,female,0,3,4,4,2,3,4
7532112,18,female,0,2,4,4,3,3,3
7532224,18,female,0,3,4,2,2,3,3
7409493,43,male,1,3,2,2,3,3,2
7542893,22,male,1,4,2,1,4,3,3
7544846,19,female,1,4,2,3,2,4,3
7549807,19,male,0,2,2,4,3,4,2
7549989,19,female,1,2,2,4,3,5,1
7550136,17,female,1,4,3,4,4,3,2
7551542,19,female,1,4,1,4,4,3,3
7553722,20,female,1,4,1,2,4,5,1
7553817,29,female,0,4,2,5,5,5,2
7556049,18,male,0,3,3,4,2,4,3
7556430,19,male,1,4,3,3,3,3,3
7556590,18,female,1,4,2,2,4,5,2
7556787,20,male,1,NA,4,3,3,3,4
7563450,20,female,0,4,5,3,2,1,4
7566910,19,male,0,3,2,4,4,3,2
7572316,18,female,1,3,2,1,2,2,4
7572447,21,male,0,4,2,2,3,4,2
7597477,20,female,0,2,4,1,4,4,1
7572843,18,female,1,4,2,3,4,5,2
7530275,19,female,1,4,2,4,1,4,3
7413230,18,female,0,4,1,3,3,5,3
7425759,18,female,0,3,4,4,3,3,4
7474593,18,female,1,4,4,5,2,3,3
7572752,149,female,1,3,2,4,3,4,3
