"","session_id","OSUNewark","PacificLutheranUniversity","PennStateAbington","SanDiegoStateUniversity","TexasAandM","UCDavis","UCRiverside","UniversityOfFlorida","UniversityOfSouthernMississippi","UniversityOfToronto","UniversityOfVirginia","VirginiaCommonwealthUniversity"
"1","681114",1,0,0,0,0,0,0,0,0,0,0,0
"2","681115",1,0,0,0,0,0,0,0,0,0,0,0
"3","681116",1,0,0,0,0,0,0,0,0,0,0,0
"4","681133",1,0,0,0,0,0,0,0,0,0,0,0
"5","681135",1,0,0,0,0,0,0,0,0,0,0,0
"6","681140",1,0,0,0,0,0,0,0,0,0,0,0
"7","681143",1,0,0,0,0,0,0,0,0,0,0,0
"8","681149",1,0,0,0,0,0,0,0,0,0,0,0
"9","681152",1,0,0,0,0,0,0,0,0,0,0,0
"10","681154",1,0,0,0,0,0,0,0,0,0,0,0
"11","681157",1,0,0,0,0,0,0,0,0,0,0,0
"12","681159",1,0,0,0,0,0,0,0,0,0,0,0
"13","681175",1,0,0,0,0,0,0,0,0,0,0,0
"14","681188",1,0,0,0,0,0,0,0,0,0,0,0
"15","681194",1,0,0,0,0,0,0,0,0,0,0,0
"16","681285",1,0,0,0,0,0,0,0,0,0,0,0
"17","681286",1,0,0,0,0,0,0,0,0,0,0,0
"18","681287",1,0,0,0,0,0,0,0,0,0,0,0
"19","681297",1,0,0,0,0,0,0,0,0,0,0,0
"20","681299",1,0,0,0,0,0,0,0,0,0,0,0
"21","681323",1,0,0,0,0,0,0,0,0,0,0,0
"22","681324",1,0,0,0,0,0,0,0,0,0,0,0
"23","681325",1,0,0,0,0,0,0,0,0,0,0,0
"24","681335",1,0,0,0,0,0,0,0,0,0,0,0
"25","681336",1,0,0,0,0,0,0,0,0,0,0,0
"26","681337",1,0,0,0,0,0,0,0,0,0,0,0
"27","681339",1,0,0,0,0,0,0,0,0,0,0,0
"28","681340",1,0,0,0,0,0,0,0,0,0,0,0
"29","681341",1,0,0,0,0,0,0,0,0,0,0,0
"30","681344",1,0,0,0,0,0,0,0,0,0,0,0
"31","681345",1,0,0,0,0,0,0,0,0,0,0,0
"32","681762",1,0,0,0,0,0,0,0,0,0,0,0
"33","681763",1,0,0,0,0,0,0,0,0,0,0,0
"34","681764",1,0,0,0,0,0,0,0,0,0,0,0
"35","681765",1,0,0,0,0,0,0,0,0,0,0,0
"36","681772",1,0,0,0,0,0,0,0,0,0,0,0
"37","681773",1,0,0,0,0,0,0,0,0,0,0,0
"38","681774",1,0,0,0,0,0,0,0,0,0,0,0
"39","681783",1,0,0,0,0,0,0,0,0,0,0,0
"40","681784",1,0,0,0,0,0,0,0,0,0,0,0
"41","681785",1,0,0,0,0,0,0,0,0,0,0,0
"42","681787",1,0,0,0,0,0,0,0,0,0,0,0
"43","681788",1,0,0,0,0,0,0,0,0,0,0,0
"44","681789",1,0,0,0,0,0,0,0,0,0,0,0
"45","681873",1,0,0,0,0,0,0,0,0,0,0,0
"46","681874",1,0,0,0,0,0,0,0,0,0,0,0
"47","681875",1,0,0,0,0,0,0,0,0,0,0,0
"48","681893",1,0,0,0,0,0,0,0,0,0,0,0
"49","681896",1,0,0,0,0,0,0,0,0,0,0,0
"50","681899",1,0,0,0,0,0,0,0,0,0,0,0
"51","681912",1,0,0,0,0,0,0,0,0,0,0,0
"52","681914",1,0,0,0,0,0,0,0,0,0,0,0
"53","681916",1,0,0,0,0,0,0,0,0,0,0,0
"54","681918",1,0,0,0,0,0,0,0,0,0,0,0
"55","681922",1,0,0,0,0,0,0,0,0,0,0,0
"56","681924",1,0,0,0,0,0,0,0,0,0,0,0
"57","681926",1,0,0,0,0,0,0,0,0,0,0,0
"58","681937",1,0,0,0,0,0,0,0,0,0,0,0
"59","681939",1,0,0,0,0,0,0,0,0,0,0,0
"60","681940",1,0,0,0,0,0,0,0,0,0,0,0
"61","681941",1,0,0,0,0,0,0,0,0,0,0,0
"62","681948",1,0,0,0,0,0,0,0,0,0,0,0
"63","681949",1,0,0,0,0,0,0,0,0,0,0,0
"64","682031",1,0,0,0,0,0,0,0,0,0,0,0
"65","682032",1,0,0,0,0,0,0,0,0,0,0,0
"66","682075",1,0,0,0,0,0,0,0,0,0,0,0
"67","682076",1,0,0,0,0,0,0,0,0,0,0,0
"68","682082",1,0,0,0,0,0,0,0,0,0,0,0
"69","682083",1,0,0,0,0,0,0,0,0,0,0,0
"70","682084",1,0,0,0,0,0,0,0,0,0,0,0
"71","682085",1,0,0,0,0,0,0,0,0,0,0,0
"72","682090",1,0,0,0,0,0,0,0,0,0,0,0
"73","682091",1,0,0,0,0,0,0,0,0,0,0,0
"74","682092",1,0,0,0,0,0,0,0,0,0,0,0
"75","682093",1,0,0,0,0,0,0,0,0,0,0,0
"76","682325",1,0,0,0,0,0,0,0,0,0,0,0
"77","682344",1,0,0,0,0,0,0,0,0,0,0,0
"78","682345",1,0,0,0,0,0,0,0,0,0,0,0
"79","682347",1,0,0,0,0,0,0,0,0,0,0,0
"80","682366",1,0,0,0,0,0,0,0,0,0,0,0
"81","682367",1,0,0,0,0,0,0,0,0,0,0,0
"82","682370",1,0,0,0,0,0,0,0,0,0,0,0
"83","682376",1,0,0,0,0,0,0,0,0,0,0,0
"84","682378",1,0,0,0,0,0,0,0,0,0,0,0
"85","682379",1,0,0,0,0,0,0,0,0,0,0,0
"86","682391",1,0,0,0,0,0,0,0,0,0,0,0
"87","682393",1,0,0,0,0,0,0,0,0,0,0,0
"88","682394",1,0,0,0,0,0,0,0,0,0,0,0
"89","682396",1,0,0,0,0,0,0,0,0,0,0,0
"90","682398",1,0,0,0,0,0,0,0,0,0,0,0
"91","682477",1,0,0,0,0,0,0,0,0,0,0,0
"92","682478",1,0,0,0,0,0,0,0,0,0,0,0
"93","682479",1,0,0,0,0,0,0,0,0,0,0,0
"94","682535",1,0,0,0,0,0,0,0,0,0,0,0
"95","682536",1,0,0,0,0,0,0,0,0,0,0,0
"96","682537",1,0,0,0,0,0,0,0,0,0,0,0
"97","682542",1,0,0,0,0,0,0,0,0,0,0,0
"98","682543",1,0,0,0,0,0,0,0,0,0,0,0
"99","682545",1,0,0,0,0,0,0,0,0,0,0,0
"100","682548",1,0,0,0,0,0,0,0,0,0,0,0
"101","682556",1,0,0,0,0,0,0,0,0,0,0,0
"102","682557",1,0,0,0,0,0,0,0,0,0,0,0
"103","682558",1,0,0,0,0,0,0,0,0,0,0,0
"104","682559",1,0,0,0,0,0,0,0,0,0,0,0
"105","682971",1,0,0,0,0,0,0,0,0,0,0,0
"106","682973",1,0,0,0,0,0,0,0,0,0,0,0
"107","682974",1,0,0,0,0,0,0,0,0,0,0,0
"108","682982",1,0,0,0,0,0,0,0,0,0,0,0
"109","682999",1,0,0,0,0,0,0,0,0,0,0,0
"110","683012",1,0,0,0,0,0,0,0,0,0,0,0
"111","683013",1,0,0,0,0,0,0,0,0,0,0,0
"112","683020",1,0,0,0,0,0,0,0,0,0,0,0
"113","683021",1,0,0,0,0,0,0,0,0,0,0,0
"114","683022",1,0,0,0,0,0,0,0,0,0,0,0
"115","683023",1,0,0,0,0,0,0,0,0,0,0,0
"116","683031",1,0,0,0,0,0,0,0,0,0,0,0
"117","683032",1,0,0,0,0,0,0,0,0,0,0,0
"118","683034",1,0,0,0,0,0,0,0,0,0,0,0
"119","683035",1,0,0,0,0,0,0,0,0,0,0,0
"120","683115",1,0,0,0,0,0,0,0,0,0,0,0
"121","683116",1,0,0,0,0,0,0,0,0,0,0,0
"122","683136",1,0,0,0,0,0,0,0,0,0,0,0
"123","683137",1,0,0,0,0,0,0,0,0,0,0,0
"124","683148",1,0,0,0,0,0,0,0,0,0,0,0
"125","683149",1,0,0,0,0,0,0,0,0,0,0,0
"126","683150",1,0,0,0,0,0,0,0,0,0,0,0
"127","683151",1,0,0,0,0,0,0,0,0,0,0,0
"128","683162",1,0,0,0,0,0,0,0,0,0,0,0
"129","683163",1,0,0,0,0,0,0,0,0,0,0,0
"130","683232",1,0,0,0,0,0,0,0,0,0,0,0
"131","683233",1,0,0,0,0,0,0,0,0,0,0,0
"132","683234",1,0,0,0,0,0,0,0,0,0,0,0
"133","683235",1,0,0,0,0,0,0,0,0,0,0,0
"134","683247",1,0,0,0,0,0,0,0,0,0,0,0
"135","683248",1,0,0,0,0,0,0,0,0,0,0,0
"136","683250",1,0,0,0,0,0,0,0,0,0,0,0
"137","683253",1,0,0,0,0,0,0,0,0,0,0,0
"138","683261",1,0,0,0,0,0,0,0,0,0,0,0
"139","683262",1,0,0,0,0,0,0,0,0,0,0,0
"140","683263",1,0,0,0,0,0,0,0,0,0,0,0
"141","683274",1,0,0,0,0,0,0,0,0,0,0,0
"142","683290",1,0,0,0,0,0,0,0,0,0,0,0
"143","683298",1,0,0,0,0,0,0,0,0,0,0,0
"144","683307",1,0,0,0,0,0,0,0,0,0,0,0
"145","683308",1,0,0,0,0,0,0,0,0,0,0,0
"146","683310",1,0,0,0,0,0,0,0,0,0,0,0
"147","683369",1,0,0,0,0,0,0,0,0,0,0,0
"148","683370",1,0,0,0,0,0,0,0,0,0,0,0
"149","683371",1,0,0,0,0,0,0,0,0,0,0,0
"150","683387",1,0,0,0,0,0,0,0,0,0,0,0
"151","683388",1,0,0,0,0,0,0,0,0,0,0,0
"152","683389",1,0,0,0,0,0,0,0,0,0,0,0
"153","683390",1,0,0,0,0,0,0,0,0,0,0,0
"154","683419",1,0,0,0,0,0,0,0,0,0,0,0
"155","683422",1,0,0,0,0,0,0,0,0,0,0,0
"156","683423",1,0,0,0,0,0,0,0,0,0,0,0
"157","683443",1,0,0,0,0,0,0,0,0,0,0,0
"158","683444",1,0,0,0,0,0,0,0,0,0,0,0
"159","7380472",0,0,0,0,0,0,0,1,0,0,0,0
"160","7380473",0,0,0,0,0,0,0,1,0,0,0,0
"161","7380623",0,0,0,0,0,0,0,1,0,0,0,0
"162","7380624",0,0,0,0,0,0,0,1,0,0,0,0
"163","7380763",0,0,0,0,0,0,0,1,0,0,0,0
"164","7385064",0,0,0,0,0,0,0,0,1,0,0,0
"165","7385139",0,0,0,0,0,0,0,0,1,0,0,0
"166","7388398",0,0,1,0,0,0,0,0,0,0,0,0
"167","7391552",0,0,1,0,0,0,0,0,0,0,0,0
"168","7391599",0,0,1,0,0,0,0,0,0,0,0,0
"169","7391707",0,0,1,0,0,0,0,0,0,0,0,0
"170","7391740",0,0,1,0,0,0,0,0,0,0,0,0
"171","7392215",0,0,1,0,0,0,0,0,0,0,0,0
"172","7392222",0,0,0,0,0,0,0,1,0,0,0,0
"173","7392224",0,0,0,0,0,0,0,1,0,0,0,0
"174","7392329",0,0,1,0,0,0,0,0,0,0,0,0
"175","7392345",0,0,0,0,0,0,0,1,0,0,0,0
"176","7392354",0,0,0,0,0,0,0,1,0,0,0,0
"177","7392375",0,0,0,0,0,0,0,1,0,0,0,0
"178","7392377",0,0,0,0,0,0,0,1,0,0,0,0
"179","7392407",0,0,1,0,0,0,0,0,0,0,0,0
"180","7392428",0,0,1,0,0,0,0,0,0,0,0,0
"181","7392517",0,0,0,0,0,0,0,1,0,0,0,0
"182","7392541",0,0,1,0,0,0,0,0,0,0,0,0
"183","7392714",0,0,1,0,0,0,0,0,0,0,0,0
"184","7395197",0,0,0,0,0,0,0,0,1,0,0,0
"185","7395265",0,0,0,0,0,0,0,0,1,0,0,0
"186","7397194",0,0,0,0,0,0,0,1,0,0,0,0
"187","7397229",0,0,0,0,0,0,0,1,0,0,0,0
"188","7397324",0,0,0,0,0,0,0,1,0,0,0,0
"189","7397325",0,0,0,0,0,0,0,1,0,0,0,0
"190","7397396",0,0,0,0,0,0,0,1,0,0,0,0
"191","7397397",0,0,0,0,0,0,0,1,0,0,0,0
"192","7397408",0,0,0,0,0,0,0,0,1,0,0,0
"193","7397557",0,0,0,0,0,0,0,1,0,0,0,0
"194","7397559",0,0,0,0,0,0,0,1,0,0,0,0
"195","7397688",0,0,0,0,0,0,0,1,0,0,0,0
"196","7397693",0,0,0,0,0,0,0,1,0,0,0,0
"197","7399450",0,0,0,0,0,0,0,0,1,0,0,0
"198","7399538",0,0,0,0,0,0,0,0,1,0,0,0
"199","7403772",0,0,1,0,0,0,0,0,0,0,0,0
"200","7403785",0,0,1,0,0,0,0,0,0,0,0,0
"201","7403849",0,0,1,0,0,0,0,0,0,0,0,0
"202","7403850",0,0,1,0,0,0,0,0,0,0,0,0
"203","7405074",0,1,0,0,0,0,0,0,0,0,0,0
"204","7406350",0,0,1,0,0,0,0,0,0,0,0,0
"205","7406351",0,0,1,0,0,0,0,0,0,0,0,0
"206","7406377",0,0,1,0,0,0,0,0,0,0,0,0
"207","7406381",0,0,1,0,0,0,0,0,0,0,0,0
"208","7406391",0,0,1,0,0,0,0,0,0,0,0,0
"209","7406487",0,0,1,0,0,0,0,0,0,0,0,0
"210","7406505",0,0,1,0,0,0,0,0,0,0,0,0
"211","7406555",0,0,1,0,0,0,0,0,0,0,0,0
"212","7406639",0,0,1,0,0,0,0,0,0,0,0,0
"213","7406640",0,0,1,0,0,0,0,0,0,0,0,0
"214","7407084",0,0,0,0,0,0,0,1,0,0,0,0
"215","7407086",0,0,0,0,0,0,0,1,0,0,0,0
"216","7407270",0,0,0,0,0,0,0,1,0,0,0,0
"217","7407327",0,0,0,0,0,0,0,1,0,0,0,0
"218","7407328",0,0,0,0,0,0,0,1,0,0,0,0
"219","7407412",0,0,1,0,0,0,0,0,0,0,0,0
"220","7407447",0,0,0,0,0,0,0,1,0,0,0,0
"221","7407452",0,0,0,0,0,0,0,1,0,0,0,0
"222","7407534",0,0,0,0,0,0,0,1,0,0,0,0
"223","7407615",0,0,1,0,0,0,0,0,0,0,0,0
"224","7407646",0,0,1,0,0,0,0,0,0,0,0,0
"225","7407692",0,0,0,0,0,0,0,1,0,0,0,0
"226","7407701",0,0,0,0,0,0,0,1,0,0,0,0
"227","7407732",0,0,1,0,0,0,0,0,0,0,0,0
"228","7407755",0,0,1,0,0,0,0,0,0,0,0,0
"229","7407780",0,0,0,0,0,0,0,1,0,0,0,0
"230","7407806",0,0,0,0,0,0,0,0,1,0,0,0
"231","7407915",0,0,1,0,0,0,0,0,0,0,0,0
"232","7408011",0,0,1,0,0,0,0,0,0,0,0,0
"233","7409445",0,0,0,0,0,0,0,0,0,0,0,1
"234","7409493",0,0,0,0,0,0,0,0,0,0,0,1
"235","7409758",0,0,0,0,0,0,0,0,0,0,1,0
"236","7409762",0,0,0,0,0,0,0,0,0,0,1,0
"237","7409934",0,0,0,0,0,0,0,0,0,0,1,0
"238","7409936",0,0,0,0,0,0,0,0,0,0,1,0
"239","7409942",0,0,0,0,0,0,0,0,0,0,1,0
"240","7410026",0,0,0,0,0,0,0,0,0,0,1,0
"241","7410028",0,0,0,0,0,0,0,0,0,0,1,0
"242","7410119",0,0,0,0,0,0,0,0,0,0,1,0
"243","7410121",0,0,0,0,0,0,0,0,0,0,1,0
"244","7410129",0,0,0,0,0,0,0,0,0,0,1,0
"245","7410212",0,0,0,0,0,0,0,0,0,0,1,0
"246","7410213",0,0,0,0,0,0,0,0,0,0,1,0
"247","7410299",0,0,0,0,0,0,0,0,0,0,1,0
"248","7410300",0,0,0,0,0,0,0,0,0,0,1,0
"249","7410301",0,0,0,0,0,0,0,0,0,0,1,0
"250","7410598",0,0,0,0,0,0,0,0,1,0,0,0
"251","7410599",0,0,0,0,0,0,0,0,1,0,0,0
"252","7410738",0,0,0,0,0,0,0,0,1,0,0,0
"253","7413230",0,0,0,0,0,0,0,0,0,0,0,1
"254","7413267",0,0,0,0,0,0,0,0,1,0,0,0
"255","7413277",0,0,1,0,0,0,0,0,0,0,0,0
"256","7413283",0,0,0,0,0,0,0,1,0,0,0,0
"257","7413284",0,0,0,0,0,0,0,1,0,0,0,0
"258","7413330",0,0,0,0,0,0,0,1,0,0,0,0
"259","7413331",0,0,0,0,0,0,0,1,0,0,0,0
"260","7413332",0,0,1,0,0,0,0,0,0,0,0,0
"261","7413346",0,0,1,0,0,0,0,0,0,0,0,0
"262","7413425",0,0,0,0,0,0,0,0,0,0,0,1
"263","7413428",0,0,0,0,0,0,0,1,0,0,0,0
"264","7413429",0,0,0,0,0,0,0,1,0,0,0,0
"265","7413575",0,0,0,0,0,0,0,1,0,0,0,0
"266","7413658",0,0,0,0,0,0,0,0,0,0,0,1
"267","7415198",0,0,0,0,0,0,0,0,1,0,0,0
"268","7415199",0,0,0,0,0,0,0,0,1,0,0,0
"269","7415311",0,0,0,0,0,0,0,0,1,0,0,0
"270","7415523",0,0,0,0,0,0,0,0,0,0,0,1
"271","7419676",0,0,0,0,0,0,0,0,0,0,1,0
"272","7419677",0,0,0,0,0,0,0,0,0,0,1,0
"273","7419761",0,0,0,0,0,0,0,0,0,0,1,0
"274","7419763",0,0,0,0,0,0,0,0,0,0,1,0
"275","7419890",0,0,0,0,0,0,0,0,0,0,1,0
"276","7419891",0,0,0,0,0,0,0,0,0,0,1,0
"277","7419930",0,0,0,0,0,0,0,0,0,0,1,0
"278","7420009",0,0,0,0,0,0,0,0,0,0,1,0
"279","7420011",0,0,0,0,0,0,0,0,0,0,1,0
"280","7420080",0,0,0,0,0,0,0,0,0,0,0,1
"281","7420168",0,0,0,0,0,0,0,0,0,0,0,1
"282","7420361",0,0,0,1,0,0,0,0,0,0,0,0
"283","7420362",0,0,0,1,0,0,0,0,0,0,0,0
"284","7420472",0,0,0,1,0,0,0,0,0,0,0,0
"285","7420473",0,0,0,1,0,0,0,0,0,0,0,0
"286","7420474",0,0,0,1,0,0,0,0,0,0,0,0
"287","7420478",0,0,0,0,0,0,0,0,1,0,0,0
"288","7420576",0,0,0,0,0,0,0,0,0,0,0,1
"289","7422676",0,0,1,0,0,0,0,0,0,0,0,0
"290","7422686",0,0,1,0,0,0,0,0,0,0,0,0
"291","7422758",0,0,1,0,0,0,0,0,0,0,0,0
"292","7423045",0,0,1,0,0,0,0,0,0,0,0,0
"293","7423070",0,0,1,0,0,0,0,0,0,0,0,0
"294","7423117",0,0,1,0,0,0,0,0,0,0,0,0
"295","7423138",0,0,1,0,0,0,0,0,0,0,0,0
"296","7423298",0,0,0,0,0,0,0,0,0,0,0,1
"297","7423322",0,0,1,0,0,0,0,0,0,0,0,0
"298","7423335",0,0,1,0,0,0,0,0,0,0,0,0
"299","7423356",0,0,1,0,0,0,0,0,0,0,0,0
"300","7423399",0,0,0,0,0,0,0,0,1,0,0,0
"301","7423432",0,0,1,0,0,0,0,0,0,0,0,0
"302","7423454",0,0,1,0,0,0,0,0,0,0,0,0
"303","7423546",0,0,1,0,0,0,0,0,0,0,0,0
"304","7423574",0,0,1,0,0,0,0,0,0,0,0,0
"305","7423642",0,0,1,0,0,0,0,0,0,0,0,0
"306","7423665",0,0,1,0,0,0,0,0,0,0,0,0
"307","7423801",0,0,1,0,0,0,0,0,0,0,0,0
"308","7425121",0,0,0,0,0,0,0,0,0,0,0,1
"309","7425423",0,0,0,0,0,0,0,0,0,0,1,0
"310","7425428",0,0,0,0,0,0,0,0,0,0,1,0
"311","7425579",0,0,0,0,0,0,0,0,0,0,1,0
"312","7425593",0,0,0,0,0,0,0,0,0,0,1,0
"313","7425641",0,0,0,1,0,0,0,0,0,0,0,0
"314","7425642",0,0,0,1,0,0,0,0,0,0,0,0
"315","7425644",0,0,0,1,0,0,0,0,0,0,0,0
"316","7425652",0,0,0,0,0,0,0,0,0,0,1,0
"317","7425676",0,0,0,0,0,0,0,0,0,0,1,0
"318","7425759",0,0,0,0,0,0,0,0,0,0,0,1
"319","7425768",0,0,0,0,0,0,0,0,0,0,1,0
"320","7425771",0,0,0,0,0,0,0,0,0,0,1,0
"321","7425774",0,0,0,0,0,0,0,0,0,0,1,0
"322","7425793",0,0,0,1,0,0,0,0,0,0,0,0
"323","7425794",0,0,0,1,0,0,0,0,0,0,0,0
"324","7425795",0,0,0,1,0,0,0,0,0,0,0,0
"325","7426120",0,0,0,0,0,0,0,0,1,0,0,0
"326","7427759",0,0,1,0,0,0,0,0,0,0,0,0
"327","7427800",0,0,1,0,0,0,0,0,0,0,0,0
"328","7428303",0,0,0,0,0,0,0,1,0,0,0,0
"329","7428304",0,0,0,0,0,0,0,1,0,0,0,0
"330","7428367",0,0,0,0,0,0,0,1,0,0,0,0
"331","7428394",0,0,0,0,0,0,0,0,1,0,0,0
"332","7428396",0,0,0,0,0,0,0,0,1,0,0,0
"333","7428424",0,0,0,0,0,0,0,1,0,0,0,0
"334","7428430",0,0,0,0,0,0,0,1,0,0,0,0
"335","7428444",0,0,0,0,0,0,0,0,0,0,0,1
"336","7428512",0,0,0,0,0,0,0,1,0,0,0,0
"337","7428513",0,0,0,0,0,0,0,1,0,0,0,0
"338","7428580",0,0,0,0,0,0,0,0,0,0,0,1
"339","7428617",0,0,0,0,0,0,0,1,0,0,0,0
"340","7428673",0,0,0,1,0,0,0,0,0,0,0,0
"341","7428674",0,0,0,1,0,0,0,0,0,0,0,0
"342","7428675",0,0,0,1,0,0,0,0,0,0,0,0
"343","7428713",0,0,0,0,0,0,0,1,0,0,0,0
"344","7428714",0,0,0,0,0,0,0,1,0,0,0,0
"345","7428912",0,0,0,1,0,0,0,0,0,0,0,0
"346","7430964",0,0,0,0,0,0,0,0,0,0,0,1
"347","7434527",0,0,0,0,0,0,0,0,0,0,0,1
"348","7434594",0,0,1,0,0,0,0,0,0,0,0,0
"349","7434600",0,0,1,0,0,0,0,0,0,0,0,0
"350","7434602",0,0,0,0,0,0,0,0,0,0,0,1
"351","7434663",0,0,1,0,0,0,0,0,0,0,0,0
"352","7434668",0,0,1,0,0,0,0,0,0,0,0,0
"353","7434719",0,0,0,0,0,0,0,0,0,0,0,1
"354","7435392",0,0,0,0,0,0,0,0,1,0,0,0
"355","7436844",0,0,1,0,0,0,0,0,0,0,0,0
"356","7437001",0,0,1,0,0,0,0,0,0,0,0,0
"357","7437014",0,0,1,0,0,0,0,0,0,0,0,0
"358","7437120",0,0,1,0,0,0,0,0,0,0,0,0
"359","7437123",0,0,1,0,0,0,0,0,0,0,0,0
"360","7437180",0,0,1,0,0,0,0,0,0,0,0,0
"361","7437184",0,0,1,0,0,0,0,0,0,0,0,0
"362","7437194",0,0,1,0,0,0,0,0,0,0,0,0
"363","7437254",0,0,1,0,0,0,0,0,0,0,0,0
"364","7437651",0,0,0,0,0,0,0,0,0,1,0,0
"365","7437677",0,0,0,0,0,0,0,1,0,0,0,0
"366","7437678",0,0,0,0,0,0,0,1,0,0,0,0
"367","7437696",0,0,1,0,0,0,0,0,0,0,0,0
"368","7437724",0,0,1,0,0,0,0,0,0,0,0,0
"369","7437796",0,0,0,0,0,0,0,1,0,0,0,0
"370","7437797",0,0,0,0,0,0,0,1,0,0,0,0
"371","7437807",0,0,1,0,0,0,0,0,0,0,0,0
"372","7437886",0,0,0,0,0,0,0,0,0,1,0,0
"373","7437937",0,0,0,0,0,0,0,1,0,0,0,0
"374","7438080",0,0,1,0,0,0,0,0,0,0,0,0
"375","7438097",0,0,1,0,0,0,0,0,0,0,0,0
"376","7438101",0,0,0,0,0,0,0,0,0,1,0,0
"377","7438106",0,0,0,0,0,0,0,0,0,1,0,0
"378","7438163",0,0,0,0,0,0,0,1,0,0,0,0
"379","7438220",0,0,1,0,0,0,0,0,0,0,0,0
"380","7438244",0,0,0,0,0,0,0,0,1,0,0,0
"381","7438247",0,0,1,0,0,0,0,0,0,0,0,0
"382","7438372",0,0,0,0,0,0,0,0,0,1,0,0
"383","7438377",0,0,0,0,0,0,0,0,0,1,0,0
"384","7438383",0,0,1,0,0,0,0,0,0,0,0,0
"385","7438428",0,0,1,0,0,0,0,0,0,0,0,0
"386","7440552",0,0,0,0,0,0,0,0,0,1,0,0
"387","7440600",0,0,0,0,0,0,0,0,0,1,0,0
"388","7440825",0,0,0,0,0,0,0,0,0,1,0,0
"389","7440827",0,0,0,0,0,0,0,0,0,1,0,0
"390","7440828",0,0,0,1,0,0,0,0,0,0,0,0
"391","7440830",0,0,0,1,0,0,0,0,0,0,0,0
"392","7440832",0,0,0,1,0,0,0,0,0,0,0,0
"393","7441049",0,0,0,0,0,0,0,0,0,1,0,0
"394","7441050",0,0,0,0,0,0,0,0,0,1,0,0
"395","7441093",0,0,0,1,0,0,0,0,0,0,0,0
"396","7441094",0,0,0,1,0,0,0,0,0,0,0,0
"397","7441095",0,0,0,1,0,0,0,0,0,0,0,0
"398","7441326",0,0,0,0,0,0,0,0,0,1,0,0
"399","7441337",0,0,0,0,0,0,0,0,0,0,0,1
"400","7443448",0,0,1,0,0,0,0,0,0,0,0,0
"401","7443452",0,0,1,0,0,0,0,0,0,0,0,0
"402","7443469",0,0,0,0,0,0,0,0,0,1,0,0
"403","7443534",0,0,1,0,0,0,0,0,0,0,0,0
"404","7443575",0,0,1,0,0,0,0,0,0,0,0,0
"405","7443696",0,0,0,0,0,0,0,0,0,1,0,0
"406","7443906",0,0,0,0,0,0,0,0,0,0,1,0
"407","7443907",0,0,0,0,0,0,0,0,0,0,1,0
"408","7443910",0,0,0,0,0,0,0,0,0,0,1,0
"409","7444171",0,0,0,0,0,0,0,0,0,0,1,0
"410","7444248",0,0,0,0,0,0,0,0,0,0,0,1
"411","7444275",0,0,0,0,0,0,0,0,0,0,1,0
"412","7444329",0,0,0,0,0,0,0,0,0,0,1,0
"413","7444331",0,0,0,0,0,0,0,0,0,0,1,0
"414","7444367",0,0,0,0,0,0,0,1,0,0,0,0
"415","7444370",0,0,0,0,0,0,0,1,0,0,0,0
"416","7444388",0,0,0,0,0,0,0,1,0,0,0,0
"417","7444389",0,0,0,0,0,0,0,1,0,0,0,0
"418","7444414",0,0,0,0,0,0,0,0,0,0,0,1
"419","7444438",0,0,0,0,0,0,0,0,0,0,1,0
"420","7444441",0,0,0,0,0,0,0,0,0,0,1,0
"421","7444444",0,0,0,0,0,0,0,0,0,0,1,0
"422","7444492",0,0,0,0,0,0,0,1,0,0,0,0
"423","7444527",0,0,0,0,0,0,0,1,0,0,0,0
"424","7444528",0,0,0,0,0,0,0,1,0,0,0,0
"425","7444574",0,0,0,1,0,0,0,0,0,0,0,0
"426","7444575",0,0,0,1,0,0,0,0,0,0,0,0
"427","7444577",0,0,0,1,0,0,0,0,0,0,0,0
"428","7444578",0,0,0,1,0,0,0,0,0,0,0,0
"429","7444738",0,0,0,1,0,0,0,0,0,0,0,0
"430","7444739",0,0,0,1,0,0,0,0,0,0,0,0
"431","7444742",0,0,0,1,0,0,0,0,0,0,0,0
"432","7446487",0,0,0,0,0,0,0,0,0,0,0,1
"433","7447121",0,0,0,0,0,0,0,0,1,0,0,0
"434","7451145",0,0,0,0,0,0,0,0,0,1,0,0
"435","7451242",0,0,0,0,0,0,0,0,0,0,0,1
"436","7451250",0,0,0,0,0,0,0,0,0,1,0,0
"437","7451266",0,0,0,0,0,0,0,0,0,1,0,0
"438","7451394",0,0,0,0,0,0,0,0,0,1,0,0
"439","7451397",0,0,0,0,0,0,0,0,0,1,0,0
"440","7452090",0,0,0,0,0,0,0,0,1,0,0,0
"441","7454047",0,0,0,0,0,0,0,0,0,1,0,0
"442","7454233",0,0,0,0,0,0,0,0,0,1,0,0
"443","7454295",0,1,0,0,0,0,0,0,0,0,0,0
"444","7454365",0,0,0,0,0,0,0,0,0,1,0,0
"445","7454384",0,1,0,0,0,0,0,0,0,0,0,0
"446","7454511",0,1,0,0,0,0,0,0,0,0,0,0
"447","7454526",0,0,0,0,0,0,0,0,0,1,0,0
"448","7454527",0,0,0,0,0,0,0,0,0,1,0,0
"449","7454556",0,0,0,0,0,0,0,0,0,0,0,1
"450","7454662",0,1,0,0,0,0,0,0,0,0,0,0
"451","7454683",0,0,0,0,0,0,0,0,0,1,0,0
"452","7454697",0,0,0,0,0,0,0,0,0,1,0,0
"453","7454928",0,0,0,0,0,0,0,0,0,1,0,0
"454","7454948",0,0,0,0,0,0,0,0,0,1,0,0
"455","7454951",0,0,0,0,0,0,0,0,1,0,0,0
"456","7455171",0,0,0,0,0,0,0,0,0,1,0,0
"457","7455179",0,0,0,0,0,0,0,0,0,1,0,0
"458","7457194",0,0,0,0,0,0,0,0,0,1,0,0
"459","7457207",0,0,0,0,0,0,0,0,0,1,0,0
"460","7457428",0,0,0,1,0,0,0,0,0,0,0,0
"461","7457432",0,0,0,1,0,0,0,0,0,0,0,0
"462","7457435",0,0,0,1,0,0,0,0,0,0,0,0
"463","7457437",0,0,0,1,0,0,0,0,0,0,0,0
"464","7457611",0,0,0,1,0,0,0,0,0,0,0,0
"465","7457612",0,0,0,1,0,0,0,0,0,0,0,0
"466","7457613",0,0,0,1,0,0,0,0,0,0,0,0
"467","7457614",0,1,0,0,0,0,0,0,0,0,0,0
"468","7457742",0,0,0,0,0,0,0,0,0,0,0,1
"469","7457923",0,1,0,0,0,0,0,0,0,0,0,0
"470","7457947",0,0,0,0,0,0,0,0,1,0,0,0
"471","7458017",0,1,0,0,0,0,0,0,0,0,0,0
"472","7459580",0,0,0,0,0,0,0,0,0,1,0,0
"473","7459625",0,1,0,0,0,0,0,0,0,0,0,0
"474","7459713",0,1,0,0,0,0,0,0,0,0,0,0
"475","7459816",0,0,0,0,0,0,0,0,0,0,1,0
"476","7459818",0,0,0,0,0,0,0,0,0,0,1,0
"477","7459821",0,0,0,0,0,0,0,0,0,0,1,0
"478","7459828",0,1,0,0,0,0,0,0,0,0,0,0
"479","7459848",0,0,0,0,0,0,0,0,0,1,0,0
"480","7459911",0,0,0,0,0,0,0,1,0,0,0,0
"481","7459912",0,0,0,0,0,0,0,1,0,0,0,0
"482","7459921",0,0,0,0,0,0,0,0,0,0,1,0
"483","7459922",0,0,0,0,0,0,0,0,0,0,1,0
"484","7460027",0,0,0,0,0,0,0,1,0,0,0,0
"485","7460029",0,0,0,0,0,0,0,1,0,0,0,0
"486","7460035",0,1,0,0,0,0,0,0,0,0,0,0
"487","7460061",0,0,0,0,0,0,0,0,0,0,1,0
"488","7460062",0,0,0,0,0,0,0,0,0,0,1,0
"489","7460128",0,0,0,0,0,0,0,1,0,0,0,0
"490","7460162",0,0,0,0,0,0,0,1,0,0,0,0
"491","7460171",0,0,0,0,0,0,0,0,0,0,1,0
"492","7460172",0,1,0,0,0,0,0,0,0,0,0,0
"493","7460201",0,0,0,0,0,0,0,0,0,0,0,1
"494","7460204",0,0,0,0,0,0,0,0,0,0,1,0
"495","7460213",0,0,0,0,0,0,0,0,0,0,1,0
"496","7460233",0,0,0,0,0,0,0,0,1,0,0,0
"497","7460235",0,1,0,0,0,0,0,0,0,0,0,0
"498","7460314",0,1,0,0,0,0,0,0,0,0,0,0
"499","7460317",0,0,0,1,0,0,0,0,0,0,0,0
"500","7460319",0,0,0,1,0,0,0,0,0,0,0,0
"501","7460320",0,0,0,1,0,0,0,0,0,0,0,0
"502","7460321",0,0,0,1,0,0,0,0,0,0,0,0
"503","7460336",0,0,0,0,0,0,0,0,0,1,0,0
"504","7460355",0,0,0,0,0,0,0,1,0,0,0,0
"505","7460440",0,0,0,1,0,0,0,0,0,0,0,0
"506","7460441",0,0,0,1,0,0,0,0,0,0,0,0
"507","7460442",0,0,0,1,0,0,0,0,0,0,0,0
"508","7460444",0,0,0,1,0,0,0,0,0,0,0,0
"509","7460887",0,1,0,0,0,0,0,0,0,0,0,0
"510","7460937",0,1,0,0,0,0,0,0,0,0,0,0
"511","7460998",0,1,0,0,0,0,0,0,0,0,0,0
"512","7461063",0,1,0,0,0,0,0,0,0,0,0,0
"513","7461103",0,1,0,0,0,0,0,0,0,0,0,0
"514","7461195",0,1,0,0,0,0,0,0,0,0,0,0
"515","7461269",0,1,0,0,0,0,0,0,0,0,0,0
"516","7462163",0,0,0,0,0,0,0,0,0,0,0,1
"517","7462280",0,0,0,0,0,0,0,0,0,0,0,1
"518","7462464",0,1,0,0,0,0,0,0,0,0,0,0
"519","7462550",0,1,0,0,0,0,0,0,0,0,0,0
"520","7462677",0,1,0,0,0,0,0,0,0,0,0,0
"521","7462678",0,0,0,0,0,0,0,0,1,0,0,0
"522","7463084",0,1,0,0,0,0,0,0,0,0,0,0
"523","7466357",0,0,0,0,0,0,0,0,0,1,0,0
"524","7466362",0,0,0,0,0,0,0,0,0,1,0,0
"525","7466393",0,1,0,0,0,0,0,0,0,0,0,0
"526","7466472",0,0,0,0,0,0,0,0,0,1,0,0
"527","7466476",0,0,0,0,0,0,0,0,0,0,1,0
"528","7466477",0,0,0,0,0,0,0,0,0,0,1,0
"529","7466531",0,1,0,0,0,0,0,0,0,0,0,0
"530","7466716",0,0,0,0,0,0,0,0,0,0,0,1
"531","7466719",0,0,0,0,0,0,0,0,0,0,1,0
"532","7466745",0,1,0,0,0,0,0,0,0,0,0,0
"533","7466806",0,0,0,0,0,0,0,0,0,1,0,0
"534","7466865",0,0,0,0,0,0,0,0,0,0,0,1
"535","7466944",0,1,0,0,0,0,0,0,0,0,0,0
"536","7467323",0,1,0,0,0,0,0,0,0,0,0,0
"537","7467457",0,1,0,0,0,0,0,0,0,0,0,0
"538","7467543",0,1,0,0,0,0,0,0,0,0,0,0
"539","7467731",0,0,0,0,0,1,0,0,0,0,0,0
"540","7467833",0,0,0,0,0,1,0,0,0,0,0,0
"541","7467918",0,0,0,0,0,1,0,0,0,0,0,0
"542","7467991",0,0,0,0,0,1,0,0,0,0,0,0
"543","7469567",0,1,0,0,0,0,0,0,0,0,0,0
"544","7469672",0,0,0,0,0,0,0,0,0,1,0,0
"545","7469693",0,1,0,0,0,0,0,0,0,0,0,0
"546","7469714",0,1,0,0,0,0,0,0,0,0,0,0
"547","7469793",0,1,0,0,0,0,0,0,0,0,0,0
"548","7470231",0,0,0,0,0,1,0,0,0,0,0,0
"549","7470332",0,0,0,0,0,1,0,0,0,0,0,0
"550","7470408",0,0,0,0,0,1,0,0,0,0,0,0
"551","7470483",0,0,0,0,0,1,0,0,0,0,0,0
"552","7470807",0,1,0,0,0,0,0,0,0,0,0,0
"553","7470913",0,1,0,0,0,0,0,0,0,0,0,0
"554","7471007",0,1,0,0,0,0,0,0,0,0,0,0
"555","7471446",0,0,1,0,0,0,0,0,0,0,0,0
"556","7472080",0,0,0,0,0,0,0,0,0,0,0,1
"557","7472226",0,0,0,1,0,0,0,0,0,0,0,0
"558","7472227",0,0,0,1,0,0,0,0,0,0,0,0
"559","7472229",0,0,0,1,0,0,0,0,0,0,0,0
"560","7472365",0,0,0,1,0,0,0,0,0,0,0,0
"561","7472366",0,0,0,1,0,0,0,0,0,0,0,0
"562","7472450",0,0,0,0,0,0,0,0,0,0,0,1
"563","7472589",0,0,0,0,0,0,0,0,0,0,0,1
"564","7472611",0,0,0,0,0,0,0,0,0,0,0,1
"565","7472643",0,0,0,0,0,0,0,0,1,0,0,0
"566","7472645",0,0,0,0,0,0,0,0,1,0,0,0
"567","7472908",0,0,0,0,0,1,0,0,0,0,0,0
"568","7472982",0,0,0,0,0,1,0,0,0,0,0,0
"569","7473055",0,0,0,0,0,1,0,0,0,0,0,0
"570","7473281",0,1,0,0,0,0,0,0,0,0,0,0
"571","7473378",0,1,0,0,0,0,0,0,0,0,0,0
"572","7473471",0,1,0,0,0,0,0,0,0,0,0,0
"573","7474158",0,0,0,0,0,0,0,0,0,0,0,1
"574","7474269",0,0,0,0,0,0,0,0,0,0,0,1
"575","7474386",0,0,0,0,0,0,0,0,0,0,0,1
"576","7474471",0,1,0,0,0,0,0,0,0,0,0,0
"577","7474574",0,1,0,0,0,0,0,0,0,0,0,0
"578","7474586",0,0,0,0,0,0,0,0,0,0,0,1
"579","7474593",0,0,0,0,0,0,0,0,0,0,0,1
"580","7474665",0,0,0,0,0,0,0,1,0,0,0,0
"581","7474678",0,1,0,0,0,0,0,0,0,0,0,0
"582","7474682",0,0,0,0,0,0,0,0,0,0,0,1
"583","7474683",0,0,0,0,0,0,0,0,0,0,0,1
"584","7474710",0,0,0,0,0,0,0,1,0,0,0,0
"585","7474770",0,0,0,0,0,0,0,1,0,0,0,0
"586","7474811",0,0,0,0,0,1,0,0,0,0,0,0
"587","7474829",0,0,0,0,0,0,0,1,0,0,0,0
"588","7474852",0,0,0,0,0,0,0,1,0,0,0,0
"589","7474853",0,0,0,0,0,0,0,0,1,0,0,0
"590","7474858",0,0,0,0,0,0,0,0,1,0,0,0
"591","7474885",0,0,0,1,0,0,0,0,0,0,0,0
"592","7474886",0,0,0,1,0,0,0,0,0,0,0,0
"593","7474887",0,0,0,1,0,0,0,0,0,0,0,0
"594","7474984",0,0,0,0,0,1,0,0,0,0,0,0
"595","7475054",0,0,0,1,0,0,0,0,0,0,0,0
"596","7475071",0,0,0,1,0,0,0,0,0,0,0,0
"597","7475072",0,0,0,1,0,0,0,0,0,0,0,0
"598","7475080",0,0,0,0,0,1,0,0,0,0,0,0
"599","7475266",0,0,0,0,0,1,0,0,0,0,0,0
"600","7475330",0,0,0,0,0,1,0,0,0,0,0,0
"601","7475396",0,0,0,0,0,1,0,0,0,0,0,0
"602","7475447",0,0,0,0,0,1,0,0,0,0,0,0
"603","7475626",0,1,0,0,0,0,0,0,0,0,0,0
"604","7475670",0,1,0,0,0,0,0,0,0,0,0,0
"605","7475732",0,1,0,0,0,0,0,0,0,0,0,0
"606","7476218",0,0,0,0,0,0,0,0,0,0,0,1
"607","7476271",0,0,0,0,0,0,0,0,0,0,0,1
"608","7476275",0,0,0,0,0,0,0,0,0,0,0,1
"609","7476423",0,0,0,0,0,0,0,0,0,0,0,1
"610","7476426",0,0,0,0,0,0,0,0,0,0,0,1
"611","7476455",0,0,0,0,0,0,0,0,0,0,1,0
"612","7476456",0,0,0,0,0,0,0,0,0,0,1,0
"613","7476457",0,0,0,0,0,0,0,0,0,0,1,0
"614","7476490",0,0,0,0,0,0,0,0,0,0,0,1
"615","7476505",0,0,0,0,0,0,0,0,0,0,1,0
"616","7476507",0,0,0,0,0,0,0,0,0,0,1,0
"617","7476509",0,0,0,0,0,0,0,0,0,0,1,0
"618","7476601",0,0,0,0,0,0,0,0,0,0,1,0
"619","7476602",0,0,0,0,0,0,0,0,0,0,1,0
"620","7476605",0,0,0,0,0,0,0,0,0,0,1,0
"621","7476683",0,0,0,0,0,0,0,0,0,0,1,0
"622","7476726",0,0,0,0,0,0,0,0,0,0,1,0
"623","7476731",0,0,0,0,0,0,0,0,0,0,1,0
"624","7476733",0,0,0,0,0,0,0,0,0,0,1,0
"625","7476808",0,0,0,0,0,0,0,0,0,0,1,0
"626","7476809",0,0,0,0,0,0,0,0,0,0,1,0
"627","7476812",0,0,0,0,0,0,0,0,0,0,1,0
"628","7477076",0,1,0,0,0,0,0,0,0,0,0,0
"629","7477127",0,1,0,0,0,0,0,0,0,0,0,0
"630","7477172",0,1,0,0,0,0,0,0,0,0,0,0
"631","7481020",0,0,0,0,0,0,1,0,0,0,0,0
"632","7481053",0,0,0,0,0,0,1,0,0,0,0,0
"633","7481148",0,0,0,0,0,0,1,0,0,0,0,0
"634","7481150",0,0,0,0,0,0,1,0,0,0,0,0
"635","7481221",0,0,0,0,0,0,0,0,0,0,0,1
"636","7481298",0,0,0,0,0,0,1,0,0,0,0,0
"637","7481317",0,0,0,0,0,0,1,0,0,0,0,0
"638","7481455",0,0,0,0,0,0,0,0,0,0,0,1
"639","7481504",0,0,0,0,0,0,0,0,0,0,0,1
"640","7481513",0,0,0,0,0,0,0,0,1,0,0,0
"641","7481577",0,0,0,0,0,0,1,0,0,0,0,0
"642","7481621",0,0,0,0,0,0,0,0,1,0,0,0
"643","7481757",0,0,0,0,0,1,0,0,0,0,0,0
"644","7481777",0,0,0,0,0,0,1,0,0,0,0,0
"645","7481830",0,0,0,0,0,1,0,0,0,0,0,0
"646","7481901",0,0,0,0,0,0,1,0,0,0,0,0
"647","7481909",0,0,0,0,0,1,0,0,0,0,0,0
"648","7481974",0,0,0,0,0,1,0,0,0,0,0,0
"649","7482021",0,0,0,0,0,0,1,0,0,0,0,0
"650","7482039",0,0,0,0,0,0,1,0,0,0,0,0
"651","7482194",0,0,0,0,0,0,1,0,0,0,0,0
"652","7483556",0,0,0,0,0,0,0,1,0,0,0,0
"653","7483561",0,0,0,0,0,0,0,1,0,0,0,0
"654","7483590",0,0,0,0,0,0,1,0,0,0,0,0
"655","7483609",0,0,0,0,0,1,0,0,0,0,0,0
"656","7483649",0,0,0,0,0,1,0,0,0,0,0,0
"657","7483665",0,0,0,0,0,0,1,0,0,0,0,0
"658","7483691",0,0,0,0,0,0,0,1,0,0,0,0
"659","7483700",0,0,0,0,0,0,0,0,1,0,0,0
"660","7483702",0,0,0,0,0,0,0,0,1,0,0,0
"661","7483723",0,0,0,0,0,1,0,0,0,0,0,0
"662","7483769",0,0,0,0,0,0,0,1,0,0,0,0
"663","7483773",0,0,0,0,0,0,0,0,1,0,0,0
"664","7483811",0,0,0,0,0,0,0,0,0,0,0,1
"665","7483860",0,0,0,0,0,0,0,1,0,0,0,0
"666","7483896",0,0,0,0,0,0,1,0,0,0,0,0
"667","7483903",0,0,0,0,0,1,0,0,0,0,0,0
"668","7483911",0,0,0,0,0,0,0,0,1,0,0,0
"669","7483914",0,0,0,0,0,0,0,1,0,0,0,0
"670","7483925",0,0,0,0,0,0,0,0,0,0,0,1
"671","7483940",0,0,0,0,0,0,0,0,1,0,0,0
"672","7483990",0,0,0,0,0,1,0,0,0,0,0,0
"673","7484079",0,0,0,0,0,1,0,0,0,0,0,0
"674","7484148",0,0,0,0,0,1,0,0,0,0,0,0
"675","7484199",0,0,0,0,0,0,1,0,0,0,0,0
"676","7484203",0,0,0,0,0,0,1,0,0,0,0,0
"677","7484227",0,0,0,0,0,1,0,0,0,0,0,0
"678","7484309",0,0,0,0,0,1,0,0,0,0,0,0
"679","7484346",0,0,0,0,0,0,1,0,0,0,0,0
"680","7484356",0,0,0,0,0,0,1,0,0,0,0,0
"681","7484390",0,0,0,0,0,1,0,0,0,0,0,0
"682","7484483",0,0,0,0,0,0,1,0,0,0,0,0
"683","7486360",0,0,0,0,0,0,0,0,0,0,0,1
"684","7486646",0,0,0,0,0,0,0,0,0,0,0,1
"685","7487027",0,0,0,0,0,0,0,0,0,0,1,0
"686","7487029",0,0,0,0,0,0,0,0,0,0,0,1
"687","7487030",0,0,0,0,0,0,0,0,0,0,1,0
"688","7487034",0,0,0,0,0,0,0,0,0,0,1,0
"689","7487052",0,0,0,0,0,0,0,0,0,0,0,1
"690","7487055",0,0,0,0,0,0,1,0,0,0,0,0
"691","7487162",0,0,0,0,0,0,0,0,0,0,1,0
"692","7487164",0,0,0,0,0,0,0,0,0,0,1,0
"693","7487165",0,0,0,0,0,0,0,0,0,0,1,0
"694","7487220",0,0,0,0,0,0,0,0,0,0,0,1
"695","7487221",0,0,0,0,0,0,0,0,0,0,0,1
"696","7487258",0,0,0,1,0,0,0,0,0,0,0,0
"697","7487263",0,0,0,1,0,0,0,0,0,0,0,0
"698","7487264",0,0,0,1,0,0,0,0,0,0,0,0
"699","7487268",0,0,0,0,0,0,1,0,0,0,0,0
"700","7487309",0,0,0,0,0,0,0,0,0,0,1,0
"701","7487311",0,0,0,0,0,0,0,0,0,0,1,0
"702","7487402",0,0,0,0,0,0,0,0,0,0,0,1
"703","7487437",0,0,0,0,0,0,0,0,0,0,1,0
"704","7487439",0,0,0,0,0,0,0,0,0,0,1,0
"705","7487457",0,0,0,0,0,0,1,0,0,0,0,0
"706","7487466",0,0,0,1,0,0,0,0,0,0,0,0
"707","7487467",0,0,0,1,0,0,0,0,0,0,0,0
"708","7487468",0,0,0,1,0,0,0,0,0,0,0,0
"709","7487591",0,0,0,0,0,0,1,0,0,0,0,0
"710","7487695",0,0,0,0,0,0,0,0,0,0,0,1
"711","7487905",0,0,0,0,0,0,0,0,0,0,0,1
"712","7487967",0,0,0,0,0,0,0,0,0,0,0,1
"713","7488034",0,0,0,0,0,0,0,0,0,0,0,1
"714","7488050",0,0,0,0,0,1,0,0,0,0,0,0
"715","7488107",0,0,0,0,0,1,0,0,0,0,0,0
"716","7488201",0,0,0,0,0,1,0,0,0,0,0,0
"717","7488262",0,0,0,0,0,1,0,0,0,0,0,0
"718","7490028",0,0,0,0,0,0,0,0,0,0,1,0
"719","7490050",0,0,0,0,0,0,0,0,0,0,1,0
"720","7490133",0,0,0,0,0,0,0,0,0,0,1,0
"721","7490278",0,0,0,0,0,0,1,0,0,0,0,0
"722","7490394",0,0,0,0,0,0,0,1,0,0,0,0
"723","7490411",0,0,0,0,0,1,0,0,0,0,0,0
"724","7490421",0,0,0,1,0,0,0,0,0,0,0,0
"725","7490422",0,0,0,1,0,0,0,0,0,0,0,0
"726","7490423",0,0,0,1,0,0,0,0,0,0,0,0
"727","7490424",0,0,0,1,0,0,0,0,0,0,0,0
"728","7490460",0,0,0,0,0,0,1,0,0,0,0,0
"729","7490464",0,0,0,0,0,1,0,0,0,0,0,0
"730","7490555",0,0,0,0,0,0,1,0,0,0,0,0
"731","7490618",0,0,0,1,0,0,0,0,0,0,0,0
"732","7490620",0,0,0,1,0,0,0,0,0,0,0,0
"733","7490624",0,0,0,1,0,0,0,0,0,0,0,0
"734","7490654",0,0,0,0,0,1,0,0,0,0,0,0
"735","7490755",0,0,0,0,0,0,1,0,0,0,0,0
"736","7490793",0,0,0,0,0,1,0,0,0,0,0,0
"737","7490825",0,0,0,0,0,0,1,0,0,0,0,0
"738","7490879",0,0,0,0,0,1,0,0,0,0,0,0
"739","7490923",0,0,0,0,0,0,1,0,0,0,0,0
"740","7490998",0,0,0,0,0,1,0,0,0,0,0,0
"741","7491064",0,0,0,0,0,0,1,0,0,0,0,0
"742","7491084",0,0,0,0,0,1,0,0,0,0,0,0
"743","7492472",0,0,0,0,0,0,0,0,0,0,1,0
"744","7492476",0,0,0,0,0,0,0,0,0,0,1,0
"745","7492539",0,0,0,0,0,0,1,0,0,0,0,0
"746","7492549",0,0,0,0,0,0,1,0,0,0,0,0
"747","7492588",0,0,0,0,0,0,0,0,0,0,1,0
"748","7492589",0,0,0,0,0,0,0,0,0,0,1,0
"749","7492602",0,0,0,0,0,0,0,0,0,0,1,0
"750","7492626",0,0,0,0,0,0,1,0,0,0,0,0
"751","7492676",0,0,0,0,0,0,0,0,0,0,1,0
"752","7492678",0,0,0,0,0,0,0,0,0,0,1,0
"753","7492680",0,0,0,0,0,0,0,0,0,0,1,0
"754","7492729",0,0,0,0,0,0,1,0,0,0,0,0
"755","7492840",0,0,0,0,0,0,1,0,0,0,0,0
"756","7492855",0,0,0,0,0,0,0,0,0,0,1,0
"757","7498224",0,0,0,0,1,0,0,0,0,0,0,0
"758","7498326",0,0,0,0,1,0,0,0,0,0,0,0
"759","7498340",0,0,0,0,1,0,0,0,0,0,0,0
"760","7498447",0,0,0,0,1,0,0,0,0,0,0,0
"761","7498448",0,0,0,0,1,0,0,0,0,0,0,0
"762","7498569",0,0,0,0,0,0,1,0,0,0,0,0
"763","7498676",0,0,0,0,0,0,1,0,0,0,0,0
"764","7498793",0,0,0,0,1,0,0,0,0,0,0,0
"765","7498796",0,0,0,0,1,0,0,0,0,0,0,0
"766","7498802",0,0,0,0,0,0,1,0,0,0,0,0
"767","7498803",0,0,0,0,0,0,1,0,0,0,0,0
"768","7498922",0,0,0,0,1,0,0,0,0,0,0,0
"769","7498926",0,0,0,0,1,0,0,0,0,0,0,0
"770","7499073",0,0,0,0,0,0,1,0,0,0,0,0
"771","7499076",0,0,0,0,0,0,1,0,0,0,0,0
"772","7499079",0,0,0,0,1,0,0,0,0,0,0,0
"773","7499080",0,0,0,0,1,0,0,0,0,0,0,0
"774","7499199",0,0,0,0,1,0,0,0,0,0,0,0
"775","7499362",0,0,0,0,1,0,0,0,0,0,0,0
"776","7499373",0,0,0,0,1,0,0,0,0,0,0,0
"777","7499424",0,0,0,0,1,0,0,0,0,0,0,0
"778","7499507",0,0,0,0,0,0,1,0,0,0,0,0
"779","7499516",0,0,0,0,1,0,0,0,0,0,0,0
"780","7499521",0,0,0,0,1,0,0,0,0,0,0,0
"781","7499523",0,0,0,0,1,0,0,0,0,0,0,0
"782","7499669",0,0,0,0,0,1,0,0,0,0,0,0
"783","7499672",0,0,0,0,0,0,1,0,0,0,0,0
"784","7499685",0,0,0,0,0,0,1,0,0,0,0,0
"785","7499776",0,0,0,0,0,1,0,0,0,0,0,0
"786","7499794",0,0,0,0,0,0,1,0,0,0,0,0
"787","7499795",0,0,0,0,0,0,1,0,0,0,0,0
"788","7499834",0,0,0,0,0,1,0,0,0,0,0,0
"789","7499906",0,0,0,0,0,1,0,0,0,0,0,0
"790","7499933",0,0,0,0,0,0,1,0,0,0,0,0
"791","7499938",0,0,0,0,0,0,1,0,0,0,0,0
"792","7501372",0,0,0,0,0,0,0,0,0,0,1,0
"793","7501373",0,0,0,0,0,0,0,0,0,0,1,0
"794","7501423",0,0,0,0,0,0,0,0,0,0,1,0
"795","7501425",0,0,0,0,0,0,0,0,0,0,1,0
"796","7501450",0,0,0,0,0,0,0,0,0,0,1,0
"797","7501598",0,0,0,0,0,0,0,0,0,0,1,0
"798","7501606",0,0,0,0,1,0,0,0,0,0,0,0
"799","7501611",0,0,0,0,0,0,0,0,0,0,1,0
"800","7501617",0,0,0,0,1,0,0,0,0,0,0,0
"801","7501652",0,0,0,0,0,0,0,0,0,0,1,0
"802","7501745",0,0,0,0,0,0,0,1,0,0,0,0
"803","7501754",0,0,0,0,0,0,1,0,0,0,0,0
"804","7501767",0,0,0,0,1,0,0,0,0,0,0,0
"805","7501768",0,0,0,0,1,0,0,0,0,0,0,0
"806","7501795",0,0,0,0,0,0,0,0,0,0,1,0
"807","7501887",0,0,0,0,1,0,0,0,0,0,0,0
"808","7501910",0,0,0,0,0,0,0,0,0,0,1,0
"809","7501912",0,0,0,0,0,0,0,0,0,0,1,0
"810","7501913",0,0,0,0,0,0,0,0,0,0,1,0
"811","7501941",0,0,0,0,1,0,0,0,0,0,0,0
"812","7501944",0,0,0,0,0,0,1,0,0,0,0,0
"813","7501957",0,0,0,0,0,0,0,1,0,0,0,0
"814","7502045",0,0,0,0,0,0,0,1,0,0,0,0
"815","7502060",0,0,0,0,0,0,1,0,0,0,0,0
"816","7502085",0,0,0,0,0,0,0,1,0,0,0,0
"817","7502167",0,0,0,0,1,0,0,0,0,0,0,0
"818","7502168",0,0,0,0,1,0,0,0,0,0,0,0
"819","7502172",0,0,0,0,1,0,0,0,0,0,0,0
"820","7502298",0,0,0,0,1,0,0,0,0,0,0,0
"821","7502300",0,0,0,0,1,0,0,0,0,0,0,0
"822","7502304",0,0,0,0,1,0,0,0,0,0,0,0
"823","7502416",0,0,0,0,1,0,0,0,0,0,0,0
"824","7502417",0,0,0,0,1,0,0,0,0,0,0,0
"825","7502430",0,0,0,0,0,1,0,0,0,0,0,0
"826","7502462",0,0,0,0,0,0,1,0,0,0,0,0
"827","7502582",0,0,0,0,0,0,1,0,0,0,0,0
"828","7502677",0,0,0,0,0,0,1,0,0,0,0,0
"829","7502694",0,0,0,0,0,0,1,0,0,0,0,0
"830","7502705",0,0,0,0,0,1,0,0,0,0,0,0
"831","7502786",0,0,0,0,0,0,1,0,0,0,0,0
"832","7502856",0,0,0,0,0,0,1,0,0,0,0,0
"833","7503995",0,0,0,0,1,0,0,0,0,0,0,0
"834","7503996",0,0,0,0,1,0,0,0,0,0,0,0
"835","7503997",0,0,0,0,1,0,0,0,0,0,0,0
"836","7504104",0,0,0,0,0,0,0,0,0,0,0,1
"837","7504146",0,0,0,0,1,0,0,0,0,0,0,0
"838","7504148",0,0,0,0,1,0,0,0,0,0,0,0
"839","7504256",0,0,0,0,1,0,0,0,0,0,0,0
"840","7504258",0,0,0,0,1,0,0,0,0,0,0,0
"841","7504303",0,0,0,0,0,0,0,0,0,0,0,1
"842","7504325",0,0,0,0,0,0,1,0,0,0,0,0
"843","7504368",0,0,0,0,1,0,0,0,0,0,0,0
"844","7504369",0,0,0,0,1,0,0,0,0,0,0,0
"845","7504501",0,0,0,0,0,0,1,0,0,0,0,0
"846","7504518",0,0,0,1,0,0,0,0,0,0,0,0
"847","7504520",0,0,0,1,0,0,0,0,0,0,0,0
"848","7504521",0,0,0,1,0,0,0,0,0,0,0,0
"849","7504523",0,0,0,1,0,0,0,0,0,0,0,0
"850","7504528",0,0,0,0,0,0,1,0,0,0,0,0
"851","7504563",0,0,0,0,1,0,0,0,0,0,0,0
"852","7504564",0,0,0,0,1,0,0,0,0,0,0,0
"853","7504634",0,0,0,0,1,0,0,0,0,0,0,0
"854","7504635",0,0,0,0,1,0,0,0,0,0,0,0
"855","7504648",0,0,0,0,0,0,1,0,0,0,0,0
"856","7504664",0,0,0,1,0,0,0,0,0,0,0,0
"857","7504666",0,0,0,1,0,0,0,0,0,0,0,0
"858","7504667",0,0,0,1,0,0,0,0,0,0,0,0
"859","7504669",0,0,0,1,0,0,0,0,0,0,0,0
"860","7504702",0,0,0,0,0,0,1,0,0,0,0,0
"861","7504746",0,0,0,0,1,0,0,0,0,0,0,0
"862","7504748",0,0,0,0,1,0,0,0,0,0,0,0
"863","7504853",0,0,0,0,1,0,0,0,0,0,0,0
"864","7504854",0,0,0,0,1,0,0,0,0,0,0,0
"865","7504970",0,0,0,0,1,0,0,0,0,0,0,0
"866","7504974",0,0,0,0,1,0,0,0,0,0,0,0
"867","7505010",0,0,0,0,1,0,0,0,0,0,0,0
"868","7505124",0,0,0,0,1,0,0,0,0,0,0,0
"869","7505126",0,0,0,0,1,0,0,0,0,0,0,0
"870","7505127",0,0,0,0,1,0,0,0,0,0,0,0
"871","7505175",0,0,0,0,0,1,0,0,0,0,0,0
"872","7505256",0,0,0,0,1,0,0,0,0,0,0,0
"873","7505258",0,0,0,0,1,0,0,0,0,0,0,0
"874","7505273",0,0,0,0,0,1,0,0,0,0,0,0
"875","7505336",0,0,0,0,0,1,0,0,0,0,0,0
"876","7505399",0,0,0,0,0,1,0,0,0,0,0,0
"877","7506948",0,0,0,0,1,0,0,0,0,0,0,0
"878","7506953",0,0,0,0,1,0,0,0,0,0,0,0
"879","7507005",0,0,0,0,1,0,0,0,0,0,0,0
"880","7507054",0,0,0,0,1,0,0,0,0,0,0,0
"881","7507063",0,0,0,0,1,0,0,0,0,0,0,0
"882","7507126",0,0,0,0,0,0,0,0,0,0,1,0
"883","7507129",0,0,0,0,0,0,0,0,0,0,1,0
"884","7507155",0,0,0,0,1,0,0,0,0,0,0,0
"885","7507157",0,0,0,0,1,0,0,0,0,0,0,0
"886","7507241",0,0,0,0,1,0,0,0,0,0,0,0
"887","7507255",0,0,0,0,0,0,0,0,0,0,1,0
"888","7507256",0,0,0,0,0,0,0,0,0,0,1,0
"889","7507259",0,0,0,0,0,0,0,0,0,0,1,0
"890","7507287",0,0,0,0,0,1,0,0,0,0,0,0
"891","7507289",0,0,0,0,1,0,0,0,0,0,0,0
"892","7507293",0,0,0,0,1,0,0,0,0,0,0,0
"893","7507368",0,0,0,0,0,0,1,0,0,0,0,0
"894","7507374",0,0,0,0,0,0,0,0,0,0,1,0
"895","7507383",0,0,0,0,0,0,0,0,0,0,1,0
"896","7507387",0,0,0,0,0,0,0,0,0,0,0,1
"897","7507388",0,0,0,0,0,1,0,0,0,0,0,0
"898","7507409",0,0,0,0,1,0,0,0,0,0,0,0
"899","7507410",0,0,0,0,1,0,0,0,0,0,0,0
"900","7507527",0,0,0,0,0,0,0,0,0,0,1,0
"901","7507540",0,0,0,0,0,0,0,0,0,0,1,0
"902","7507563",0,0,0,0,0,0,1,0,0,0,0,0
"903","7507577",0,0,0,0,0,1,0,0,0,0,0,0
"904","7507582",0,0,0,0,1,0,0,0,0,0,0,0
"905","7507585",0,0,0,0,1,0,0,0,0,0,0,0
"906","7507612",0,0,0,1,0,0,0,0,0,0,0,0
"907","7507613",0,0,0,1,0,0,0,0,0,0,0,0
"908","7507615",0,0,0,1,0,0,0,0,0,0,0,0
"909","7507638",0,0,0,0,0,0,0,0,0,0,1,0
"910","7507639",0,0,0,0,0,0,0,0,0,0,1,0
"911","7507680",0,0,0,0,0,1,0,0,0,0,0,0
"912","7507791",0,0,0,1,0,0,0,0,0,0,0,0
"913","7507792",0,0,0,1,0,0,0,0,0,0,0,0
"914","7507797",0,0,0,1,0,0,0,0,0,0,0,0
"915","7507802",0,0,0,0,0,0,0,0,0,0,1,0
"916","7507804",0,0,0,0,0,0,0,0,0,0,1,0
"917","7507806",0,0,0,0,0,0,0,0,0,0,1,0
"918","7507832",0,0,0,0,1,0,0,0,0,0,0,0
"919","7507838",0,0,0,0,1,0,0,0,0,0,0,0
"920","7507839",0,0,0,0,1,0,0,0,0,0,0,0
"921","7507850",0,0,0,0,0,0,1,0,0,0,0,0
"922","7507913",0,0,0,0,0,1,0,0,0,0,0,0
"923","7508006",0,0,0,0,1,0,0,0,0,0,0,0
"924","7508008",0,0,0,0,1,0,0,0,0,0,0,0
"925","7508009",0,0,0,0,1,0,0,0,0,0,0,0
"926","7508058",0,0,0,0,0,0,1,0,0,0,0,0
"927","7508066",0,0,0,0,0,0,1,0,0,0,0,0
"928","7508114",0,0,0,0,1,0,0,0,0,0,0,0
"929","7508116",0,0,0,0,1,0,0,0,0,0,0,0
"930","7508119",0,0,0,0,1,0,0,0,0,0,0,0
"931","7508195",0,0,0,0,0,0,1,0,0,0,0,0
"932","7508329",0,0,0,0,0,0,1,0,0,0,0,0
"933","7509869",0,0,0,0,1,0,0,0,0,0,0,0
"934","7510231",0,0,0,0,1,0,0,0,0,0,0,0
"935","7510263",0,0,0,0,1,0,0,0,0,0,0,0
"936","7510332",0,0,0,0,0,0,0,0,0,0,0,1
"937","7510463",0,0,0,0,0,0,1,0,0,0,0,0
"938","7510469",0,0,0,0,1,0,0,0,0,0,0,0
"939","7510471",0,0,0,0,0,0,1,0,0,0,0,0
"940","7510630",0,0,0,0,1,0,0,0,0,0,0,0
"941","7510731",0,0,0,0,1,0,0,0,0,0,0,0
"942","7510753",0,0,0,0,0,0,1,0,0,0,0,0
"943","7510758",0,0,0,0,0,0,1,0,0,0,0,0
"944","7510985",0,0,0,0,1,0,0,0,0,0,0,0
"945","7510988",0,0,0,0,1,0,0,0,0,0,0,0
"946","7511043",0,0,0,0,0,0,1,0,0,0,0,0
"947","7511179",0,0,0,0,1,0,0,0,0,0,0,0
"948","7511190",0,0,0,0,1,0,0,0,0,0,0,0
"949","7511453",0,0,0,0,1,0,0,0,0,0,0,0
"950","7511456",0,0,0,0,1,0,0,0,0,0,0,0
"951","7511458",0,0,0,0,0,0,1,0,0,0,0,0
"952","7518862",0,0,0,0,0,0,1,0,0,0,0,0
"953","7518887",0,0,0,0,0,0,1,0,0,0,0,0
"954","7519056",0,0,0,0,0,0,1,0,0,0,0,0
"955","7519058",0,0,0,0,0,0,1,0,0,0,0,0
"956","7519235",0,0,0,0,0,0,1,0,0,0,0,0
"957","7519236",0,0,0,0,0,0,1,0,0,0,0,0
"958","7519760",0,0,0,0,0,0,1,0,0,0,0,0
"959","7519908",0,0,0,0,0,0,1,0,0,0,0,0
"960","7520084",0,0,0,0,0,0,1,0,0,0,0,0
"961","7520241",0,0,0,0,0,0,1,0,0,0,0,0
"962","7520243",0,0,0,0,0,0,1,0,0,0,0,0
"963","7522048",0,0,0,0,0,0,0,1,0,0,0,0
"964","7522441",0,0,0,0,0,0,1,0,0,0,0,0
"965","7522474",0,0,0,0,0,0,0,1,0,0,0,0
"966","7522760",0,0,0,0,0,0,0,1,0,0,0,0
"967","7522783",0,0,0,0,0,0,1,0,0,0,0,0
"968","7523894",0,0,0,0,0,0,1,0,0,0,0,0
"969","7524382",0,0,0,0,0,0,1,0,0,0,0,0
"970","7524600",0,0,0,0,0,0,1,0,0,0,0,0
"971","7524603",0,0,0,0,0,0,1,0,0,0,0,0
"972","7527207",0,0,0,0,0,0,1,0,0,0,0,0
"973","7527315",0,0,0,0,0,0,1,0,0,0,0,0
"974","7527353",0,0,0,0,0,0,1,0,0,0,0,0
"975","7527366",0,0,0,1,0,0,0,0,0,0,0,0
"976","7527372",0,0,0,1,0,0,0,0,0,0,0,0
"977","7527587",0,0,0,1,0,0,0,0,0,0,0,0
"978","7527588",0,0,0,1,0,0,0,0,0,0,0,0
"979","7527605",0,0,0,0,0,0,0,0,0,0,1,0
"980","7527610",0,0,0,0,0,0,0,0,0,0,1,0
"981","7527611",0,0,0,0,0,0,0,0,0,0,1,0
"982","7527639",0,0,0,0,0,0,1,0,0,0,0,0
"983","7527652",0,0,0,0,0,0,1,0,0,0,0,0
"984","7528016",0,0,0,0,0,0,0,0,1,0,0,0
"985","7528212",0,0,0,0,0,1,0,0,0,0,0,0
"986","7528314",0,0,0,0,0,1,0,0,0,0,0,0
"987","7528382",0,0,0,0,0,1,0,0,0,0,0,0
"988","7528457",0,0,0,0,0,1,0,0,0,0,0,0
"989","7529590",0,0,0,0,0,0,0,0,0,0,0,1
"990","7530073",0,0,0,0,0,0,0,1,0,0,0,0
"991","7530149",0,0,0,0,0,0,0,0,0,0,0,1
"992","7530161",0,0,0,0,0,0,0,1,0,0,0,0
"993","7530275",0,0,0,0,0,0,0,0,0,0,0,1
"994","7530284",0,0,0,0,0,0,1,0,0,0,0,0
"995","7530315",0,0,0,0,0,0,0,1,0,0,0,0
"996","7530425",0,0,0,1,0,0,0,0,0,0,0,0
"997","7530426",0,0,0,1,0,0,0,0,0,0,0,0
"998","7530547",0,0,0,1,0,0,0,0,0,0,0,0
"999","7530548",0,0,0,1,0,0,0,0,0,0,0,0
"1000","7530555",0,0,0,1,0,0,0,0,0,0,0,0
"1001","7530560",0,0,0,1,0,0,0,0,0,0,0,0
"1002","7530570",0,0,0,0,0,0,1,0,0,0,0,0
"1003","7530749",0,0,0,0,0,0,1,0,0,0,0,0
"1004","7530899",0,0,0,0,0,0,1,0,0,0,0,0
"1005","7530936",0,0,0,0,0,0,1,0,0,0,0,0
"1006","7531806",0,0,0,0,0,0,0,0,0,0,1,0
"1007","7531807",0,0,0,0,0,0,0,0,0,0,1,0
"1008","7531953",0,0,0,0,0,0,0,0,0,0,1,0
"1009","7531954",0,0,0,0,0,0,0,0,0,0,1,0
"1010","7531970",0,0,0,0,0,0,0,0,0,0,1,0
"1011","7532013",0,0,0,0,0,0,0,0,0,0,0,1
"1012","7532028",0,0,0,0,0,0,0,0,0,0,1,0
"1013","7532043",0,0,0,0,0,0,0,0,0,0,1,0
"1014","7532099",0,0,0,0,0,0,0,0,0,0,1,0
"1015","7532100",0,0,0,0,0,0,0,0,0,0,1,0
"1016","7532109",0,0,0,0,0,0,0,0,0,0,1,0
"1017","7532112",0,0,0,0,0,0,0,0,0,0,0,1
"1018","7532124",0,0,0,0,0,0,1,0,0,0,0,0
"1019","7532159",0,0,0,0,0,0,0,0,0,0,1,0
"1020","7532161",0,0,0,0,0,0,0,0,0,0,1,0
"1021","7532173",0,0,0,0,0,0,0,0,0,0,1,0
"1022","7532224",0,0,0,0,0,0,0,0,0,0,0,1
"1023","7532226",0,0,0,0,0,0,0,0,0,0,1,0
"1024","7532231",0,0,0,0,0,0,0,0,0,0,1,0
"1025","7532233",0,0,0,0,0,0,0,0,0,0,1,0
"1026","7532234",0,0,0,0,0,0,1,0,0,0,0,0
"1027","7532238",0,0,0,0,0,0,1,0,0,0,0,0
"1028","7532401",0,0,0,0,0,0,1,0,0,0,0,0
"1029","7535999",0,0,0,0,0,0,1,0,0,0,0,0
"1030","7536210",0,0,0,0,0,0,1,0,0,0,0,0
"1031","7536370",0,0,0,0,0,0,1,0,0,0,0,0
"1032","7536397",0,0,0,0,0,0,0,0,1,0,0,0
"1033","7536730",0,0,0,0,0,0,1,0,0,0,0,0
"1034","7536884",0,0,0,0,0,0,1,0,0,0,0,0
"1035","7538371",0,0,0,0,0,0,0,0,0,0,1,0
"1036","7538372",0,0,0,0,0,0,0,0,0,0,1,0
"1037","7538373",0,0,0,0,0,0,0,0,0,0,1,0
"1038","7538453",0,0,0,0,0,0,0,0,0,0,1,0
"1039","7538454",0,0,0,0,0,0,0,0,0,0,1,0
"1040","7538455",0,0,0,0,0,0,0,0,0,0,1,0
"1041","7538590",0,0,0,0,0,0,0,0,0,0,1,0
"1042","7538645",0,0,0,0,0,0,0,1,0,0,0,0
"1043","7538667",0,0,0,0,0,0,0,0,0,0,1,0
"1044","7538668",0,0,0,0,0,0,0,0,0,0,1,0
"1045","7538670",0,0,0,0,0,0,0,0,0,0,1,0
"1046","7538695",0,0,0,0,0,0,0,1,0,0,0,0
"1047","7538696",0,0,0,0,0,0,0,1,0,0,0,0
"1048","7538740",0,0,0,0,0,0,1,0,0,0,0,0
"1049","7538745",0,0,0,0,0,0,0,0,0,0,1,0
"1050","7538790",0,0,0,0,0,0,0,0,0,0,1,0
"1051","7538827",0,0,0,0,0,0,0,1,0,0,0,0
"1052","7538910",0,0,0,0,0,0,1,0,0,0,0,0
"1053","7539297",0,0,0,0,0,0,1,0,0,0,0,0
"1054","7539298",0,0,0,0,0,0,1,0,0,0,0,0
"1055","7539467",0,0,0,0,0,0,1,0,0,0,0,0
"1056","7539469",0,0,0,0,0,0,1,0,0,0,0,0
"1057","7541048",0,0,0,0,0,0,1,0,0,0,0,0
"1058","7541124",0,0,0,0,0,0,1,0,0,0,0,0
"1059","7541135",0,0,0,0,0,0,1,0,0,0,0,0
"1060","7541143",0,0,0,1,0,0,0,0,0,0,0,0
"1061","7541144",0,0,0,1,0,0,0,0,0,0,0,0
"1062","7541145",0,0,0,1,0,0,0,0,0,0,0,0
"1063","7541306",0,0,0,1,0,0,0,0,0,0,0,0
"1064","7541307",0,0,0,1,0,0,0,0,0,0,0,0
"1065","7541319",0,0,0,0,0,0,1,0,0,0,0,0
"1066","7541333",0,0,0,0,0,0,1,0,0,0,0,0
"1067","7542893",0,0,0,0,0,0,0,0,0,0,0,1
"1068","7543257",0,0,0,0,0,0,0,1,0,0,0,0
"1069","7543412",0,0,0,0,0,0,0,1,0,0,0,0
"1070","7543510",0,0,0,0,0,0,1,0,0,0,0,0
"1071","7543524",0,0,0,0,0,0,0,1,0,0,0,0
"1072","7543664",0,0,0,1,0,0,0,0,0,0,0,0
"1073","7543665",0,0,0,1,0,0,0,0,0,0,0,0
"1074","7543666",0,0,0,1,0,0,0,0,0,0,0,0
"1075","7543667",0,0,0,1,0,0,0,0,0,0,0,0
"1076","7543672",0,0,0,0,0,0,1,0,0,0,0,0
"1077","7543673",0,0,0,0,0,0,0,1,0,0,0,0
"1078","7543755",0,0,0,0,0,0,1,0,0,0,0,0
"1079","7543771",0,0,0,1,0,0,0,0,0,0,0,0
"1080","7543772",0,0,0,1,0,0,0,0,0,0,0,0
"1081","7543773",0,0,0,1,0,0,0,0,0,0,0,0
"1082","7543774",0,0,0,1,0,0,0,0,0,0,0,0
"1083","7543930",0,0,0,0,0,0,1,0,0,0,0,0
"1084","7543939",0,0,0,0,0,0,1,0,0,0,0,0
"1085","7544846",0,0,0,0,0,0,0,0,0,0,0,1
"1086","7545080",0,0,0,0,0,0,0,0,1,0,0,0
"1087","7545083",0,0,0,0,0,0,0,0,1,0,0,0
"1088","7545150",0,0,0,0,0,0,0,0,1,0,0,0
"1089","7545276",0,0,0,0,0,0,1,0,0,0,0,0
"1090","7545279",0,0,0,0,0,0,1,0,0,0,0,0
"1091","7545471",0,0,0,0,0,0,1,0,0,0,0,0
"1092","7545615",0,0,0,0,0,0,1,0,0,0,0,0
"1093","7545616",0,0,0,0,0,0,1,0,0,0,0,0
"1094","7545825",0,0,0,0,0,0,1,0,0,0,0,0
"1095","7545924",0,0,0,0,0,0,1,0,0,0,0,0
"1096","7545925",0,0,0,0,0,0,1,0,0,0,0,0
"1097","7545978",0,0,0,0,0,0,1,0,0,0,0,0
"1098","7549541",0,0,0,0,0,0,1,0,0,0,0,0
"1099","7549807",0,0,0,0,0,0,0,0,0,0,0,1
"1100","7549873",0,0,0,0,0,0,1,0,0,0,0,0
"1101","7549989",0,0,0,0,0,0,0,0,0,0,0,1
"1102","7550136",0,0,0,0,0,0,0,0,0,0,0,1
"1103","7550161",0,0,0,0,0,0,1,0,0,0,0,0
"1104","7550164",0,0,0,0,0,0,1,0,0,0,0,0
"1105","7550231",0,0,0,0,0,0,1,0,0,0,0,0
"1106","7550232",0,0,0,0,0,0,1,0,0,0,0,0
"1107","7550265",0,0,0,0,0,0,1,0,0,0,0,0
"1108","7550359",0,0,0,0,0,0,1,0,0,0,0,0
"1109","7550360",0,0,0,0,0,0,1,0,0,0,0,0
"1110","7550481",0,0,0,0,0,0,1,0,0,0,0,0
"1111","7550482",0,0,0,0,0,0,1,0,0,0,0,0
"1112","7551542",0,0,0,0,0,0,0,0,0,0,0,1
"1113","7551674",0,1,0,0,0,0,0,0,0,0,0,0
"1114","7551790",0,1,0,0,0,0,0,0,0,0,0,0
"1115","7551858",0,1,0,0,0,0,0,0,0,0,0,0
"1116","7551945",0,1,0,0,0,0,0,0,0,0,0,0
"1117","7553722",0,0,0,0,0,0,0,0,0,0,0,1
"1118","7553817",0,0,0,0,0,0,0,0,0,0,0,1
"1119","7554124",0,0,0,0,0,0,1,0,0,0,0,0
"1120","7554127",0,1,0,0,0,0,0,0,0,0,0,0
"1121","7554176",0,1,0,0,0,0,0,0,0,0,0,0
"1122","7554244",0,1,0,0,0,0,0,0,0,0,0,0
"1123","7554254",0,0,0,0,0,0,1,0,0,0,0,0
"1124","7554259",0,0,0,0,0,0,1,0,0,0,0,0
"1125","7554307",0,1,0,0,0,0,0,0,0,0,0,0
"1126","7554398",0,1,0,0,0,0,0,0,0,0,0,0
"1127","7554517",0,1,0,0,0,0,0,0,0,0,0,0
"1128","7554782",0,0,0,0,0,1,0,0,0,0,0,0
"1129","7554872",0,0,0,0,0,1,0,0,0,0,0,0
"1130","7554936",0,0,0,0,0,1,0,0,0,0,0,0
"1131","7554999",0,0,0,0,0,1,0,0,0,0,0,0
"1132","7555047",0,0,0,0,0,1,0,0,0,0,0,0
"1133","7555202",0,1,0,0,0,0,0,0,0,0,0,0
"1134","7555319",0,1,0,0,0,0,0,0,0,0,0,0
"1135","7556049",0,0,0,0,0,0,0,0,0,0,0,1
"1136","7556430",0,0,0,0,0,0,0,0,0,0,0,1
"1137","7556590",0,0,0,0,0,0,0,0,0,0,0,1
"1138","7556719",0,0,0,0,0,0,0,0,0,0,1,0
"1139","7556729",0,0,0,0,0,0,0,0,0,0,1,0
"1140","7556732",0,0,0,0,0,0,0,1,0,0,0,0
"1141","7556733",0,0,0,0,0,0,0,1,0,0,0,0
"1142","7556787",0,0,0,0,0,0,0,0,0,0,0,1
"1143","7556798",0,0,0,0,0,0,1,0,0,0,0,0
"1144","7556806",0,0,0,0,0,0,0,1,0,0,0,0
"1145","7556807",0,0,0,0,0,0,0,1,0,0,0,0
"1146","7556856",0,0,0,0,0,0,0,0,0,0,1,0
"1147","7556859",0,0,0,0,0,0,0,0,0,0,1,0
"1148","7556880",0,0,0,0,0,0,0,0,0,0,1,0
"1149","7556898",0,0,0,0,0,0,0,1,0,0,0,0
"1150","7556900",0,0,0,0,0,0,0,1,0,0,0,0
"1151","7556908",0,0,0,0,0,0,0,1,0,0,0,0
"1152","7556929",0,0,0,1,0,0,0,0,0,0,0,0
"1153","7556930",0,0,0,1,0,0,0,0,0,0,0,0
"1154","7556932",0,0,0,1,0,0,0,0,0,0,0,0
"1155","7556933",0,0,0,1,0,0,0,0,0,0,0,0
"1156","7556957",0,0,0,0,0,0,0,0,0,0,1,0
"1157","7556959",0,0,0,0,0,0,0,0,0,0,1,0
"1158","7556961",0,0,0,0,0,0,0,0,0,0,1,0
"1159","7556965",0,0,0,0,0,0,0,1,0,0,0,0
"1160","7556988",0,0,0,0,0,1,0,0,0,0,0,0
"1161","7557009",0,0,0,0,0,0,0,0,0,0,1,0
"1162","7557013",0,0,0,0,0,0,0,0,0,0,1,0
"1163","7557045",0,0,0,0,0,1,0,0,0,0,0,0
"1164","7557072",0,0,0,1,0,0,0,0,0,0,0,0
"1165","7557073",0,0,0,1,0,0,0,0,0,0,0,0
"1166","7557074",0,0,0,1,0,0,0,0,0,0,0,0
"1167","7557109",0,0,0,0,0,1,0,0,0,0,0,0
"1168","7557158",0,0,0,0,0,1,0,0,0,0,0,0
"1169","7557203",0,0,0,0,0,0,1,0,0,0,0,0
"1170","7557222",0,0,0,0,0,0,1,0,0,0,0,0
"1171","7557265",0,0,0,0,0,1,0,0,0,0,0,0
"1172","7557309",0,0,0,0,0,1,0,0,0,0,0,0
"1173","7557319",0,0,0,0,0,0,1,0,0,0,0,0
"1174","7557399",0,0,0,0,0,0,1,0,0,0,0,0
"1175","7557560",0,1,0,0,0,0,0,0,0,0,0,0
"1176","7557638",0,1,0,0,0,0,0,0,0,0,0,0
"1177","7557684",0,1,0,0,0,0,0,0,0,0,0,0
"1178","7557743",0,1,0,0,0,0,0,0,0,0,0,0
"1179","7557848",0,1,0,0,0,0,0,0,0,0,0,0
"1180","7557915",0,1,0,0,0,0,0,0,0,0,0,0
"1181","7558272",0,0,0,0,0,0,0,0,0,0,1,0
"1182","7558280",0,0,0,0,0,0,0,0,0,0,1,0
"1183","7558357",0,0,0,0,0,0,0,0,0,0,1,0
"1184","7558365",0,0,0,0,0,0,0,0,0,0,1,0
"1185","7558377",0,0,0,0,0,0,0,0,0,0,1,0
"1186","7558461",0,0,0,0,0,0,0,0,0,0,1,0
"1187","7558478",0,0,0,0,0,0,0,0,0,0,1,0
"1188","7558492",0,0,0,0,0,0,0,0,0,0,1,0
"1189","7558593",0,0,0,0,0,0,0,0,1,0,0,0
"1190","7558633",0,0,0,0,0,0,1,0,0,0,0,0
"1191","7558634",0,0,0,0,0,0,0,0,0,1,0,0
"1192","7558635",0,0,0,0,0,0,1,0,0,0,0,0
"1193","7558666",0,0,0,0,0,0,0,0,1,0,0,0
"1194","7558732",0,0,0,0,0,0,0,0,1,0,0,0
"1195","7558775",0,0,0,0,0,0,1,0,0,0,0,0
"1196","7558776",0,0,0,0,0,0,1,0,0,0,0,0
"1197","7558832",0,1,0,0,0,0,0,0,0,0,0,0
"1198","7558904",0,0,0,0,0,0,1,0,0,0,0,0
"1199","7559047",0,0,0,0,0,0,0,0,1,0,0,0
"1200","7559049",0,0,0,0,0,0,0,0,1,0,0,0
"1201","7559107",0,0,0,0,0,0,1,0,0,0,0,0
"1202","7559109",0,0,0,0,0,0,1,0,0,0,0,0
"1203","7559363",0,0,0,0,0,0,1,0,0,0,0,0
"1204","7559366",0,0,0,0,0,0,1,0,0,0,0,0
"1205","7559494",0,0,0,0,0,0,1,0,0,0,0,0
"1206","7559496",0,0,0,0,0,0,1,0,0,0,0,0
"1207","7559566",0,0,0,0,0,0,1,0,0,0,0,0
"1208","7562903",0,0,0,0,0,0,1,0,0,0,0,0
"1209","7562913",0,0,0,0,0,0,1,0,0,0,0,0
"1210","7563016",0,0,0,0,0,0,1,0,0,0,0,0
"1211","7563017",0,0,0,0,0,0,1,0,0,0,0,0
"1212","7563192",0,0,0,0,0,0,1,0,0,0,0,0
"1213","7563193",0,0,0,0,0,0,1,0,0,0,0,0
"1214","7563450",0,0,0,0,0,0,0,0,0,0,0,1
"1215","7563613",0,0,0,0,0,0,0,0,1,0,0,0
"1216","7563668",0,0,0,0,0,0,1,0,0,0,0,0
"1217","7563783",0,0,0,0,0,0,1,0,0,0,0,0
"1218","7563784",0,0,0,0,0,0,1,0,0,0,0,0
"1219","7563874",0,0,0,0,0,0,1,0,0,0,0,0
"1220","7563875",0,0,0,0,0,0,1,0,0,0,0,0
"1221","7564112",0,0,0,0,0,0,1,0,0,0,0,0
"1222","7566910",0,0,0,0,0,0,0,0,0,0,0,1
"1223","7567200",0,1,0,0,0,0,0,0,0,0,0,0
"1224","7567334",0,1,0,0,0,0,0,0,0,0,0,0
"1225","7567338",0,0,0,0,0,0,0,1,0,0,0,0
"1226","7567381",0,0,0,0,0,0,1,0,0,0,0,0
"1227","7567423",0,0,0,0,0,0,0,0,1,0,0,0
"1228","7567425",0,0,0,0,0,0,0,0,1,0,0,0
"1229","7567478",0,0,0,0,0,0,0,1,0,0,0,0
"1230","7567485",0,0,0,0,0,0,0,1,0,0,0,0
"1231","7567526",0,0,0,0,0,0,0,0,1,0,0,0
"1232","7567554",0,0,1,0,0,0,0,0,0,0,0,0
"1233","7567576",0,0,1,0,0,0,0,0,0,0,0,0
"1234","7567587",0,0,0,0,0,0,0,1,0,0,0,0
"1235","7567597",0,0,0,0,0,0,1,0,0,0,0,0
"1236","7567638",0,0,0,0,0,0,0,0,1,0,0,0
"1237","7567654",0,0,1,0,0,0,0,0,0,0,0,0
"1238","7567748",0,0,1,0,0,0,0,0,0,0,0,0
"1239","7567754",0,0,0,0,0,0,0,1,0,0,0,0
"1240","7567784",0,0,1,0,0,0,0,0,0,0,0,0
"1241","7567815",0,0,0,0,0,0,0,1,0,0,0,0
"1242","7567839",0,0,0,0,0,0,1,0,0,0,0,0
"1243","7567874",0,0,0,0,0,0,0,0,1,0,0,0
"1244","7568258",0,0,0,0,0,0,1,0,0,0,0,0
"1245","7568471",0,0,0,0,0,0,1,0,0,0,0,0
"1246","7568473",0,0,0,0,0,0,1,0,0,0,0,0
"1247","7568615",0,0,0,0,0,0,1,0,0,0,0,0
"1248","7568616",0,0,0,0,0,0,1,0,0,0,0,0
"1249","7568977",0,1,0,0,0,0,0,0,0,0,0,0
"1250","7570282",0,0,0,0,0,0,0,0,0,1,0,0
"1251","7570403",0,0,0,0,0,0,1,0,0,0,0,0
"1252","7570532",0,0,0,1,0,0,0,0,0,0,0,0
"1253","7570533",0,0,0,1,0,0,0,0,0,0,0,0
"1254","7570534",0,0,0,1,0,0,0,0,0,0,0,0
"1255","7570546",0,0,0,0,0,0,0,0,0,1,0,0
"1256","7570579",0,0,0,0,0,0,0,0,0,0,1,0
"1257","7570580",0,0,0,0,0,0,0,0,0,0,1,0
"1258","7570585",0,0,0,0,0,0,1,0,0,0,0,0
"1259","7570647",0,0,0,0,0,0,0,0,0,0,1,0
"1260","7570649",0,1,0,0,0,0,0,0,0,0,0,0
"1261","7570651",0,0,0,0,0,0,0,0,0,0,1,0
"1262","7570653",0,0,0,0,0,0,0,0,0,0,1,0
"1263","7570665",0,0,0,1,0,0,0,0,0,0,0,0
"1264","7570666",0,0,0,1,0,0,0,0,0,0,0,0
"1265","7570667",0,0,0,1,0,0,0,0,0,0,0,0
"1266","7570668",0,0,0,1,0,0,0,0,0,0,0,0
"1267","7570679",0,0,0,0,0,0,0,0,0,1,0,0
"1268","7570703",0,0,0,0,0,0,1,0,0,0,0,0
"1269","7570704",0,0,0,0,0,0,1,0,0,0,0,0
"1270","7570750",0,0,0,0,0,0,0,0,0,0,1,0
"1271","7570753",0,0,0,0,0,0,0,0,0,0,1,0
"1272","7570757",0,1,0,0,0,0,0,0,0,0,0,0
"1273","7570904",0,1,0,0,0,0,0,0,0,0,0,0
"1274","7570952",0,0,0,0,0,0,0,0,0,1,0,0
"1275","7571036",0,0,0,0,0,0,0,0,1,0,0,0
"1276","7571093",0,0,0,0,0,0,0,0,1,0,0,0
"1277","7571172",0,0,0,0,0,0,0,0,1,0,0,0
"1278","7571657",0,1,0,0,0,0,0,0,0,0,0,0
"1279","7571741",0,1,0,0,0,0,0,0,0,0,0,0
"1280","7571817",0,1,0,0,0,0,0,0,0,0,0,0
"1281","7572316",0,0,0,0,0,0,0,0,0,0,0,1
"1282","7572447",0,0,0,0,0,0,0,0,0,0,0,1
"1283","7572704",0,0,0,0,0,0,0,1,0,0,0,0
"1284","7572749",0,0,0,0,0,0,0,1,0,0,0,0
"1285","7572752",0,0,0,0,0,0,0,0,0,0,0,1
"1286","7572843",0,0,0,0,0,0,0,0,0,0,0,1
"1287","7572849",0,0,0,0,0,0,1,0,0,0,0,0
"1288","7572860",0,0,0,0,0,0,0,1,0,0,0,0
"1289","7572926",0,0,0,0,0,0,0,1,0,0,0,0
"1290","7572940",0,0,0,0,0,0,0,0,0,0,1,0
"1291","7572941",0,0,0,0,0,0,0,0,0,0,1,0
"1292","7572942",0,0,0,0,0,0,0,0,0,0,1,0
"1293","7572963",0,0,0,0,0,1,0,0,0,0,0,0
"1294","7572968",0,0,0,1,0,0,0,0,0,0,0,0
"1295","7572969",0,0,0,1,0,0,0,0,0,0,0,0
"1296","7573002",0,0,0,0,0,0,0,1,0,0,0,0
"1297","7573013",0,0,0,0,0,0,0,0,0,0,1,0
"1298","7573034",0,0,0,0,0,0,0,0,0,0,1,0
"1299","7573081",0,0,0,1,0,0,0,0,0,0,0,0
"1300","7573082",0,0,0,1,0,0,0,0,0,0,0,0
"1301","7573083",0,0,0,1,0,0,0,0,0,0,0,0
"1302","7573084",0,0,0,1,0,0,0,0,0,0,0,0
"1303","7573086",0,0,0,0,0,0,0,0,0,0,1,0
"1304","7573089",0,0,0,0,0,1,0,0,0,0,0,0
"1305","7573104",0,0,0,0,0,0,0,0,0,0,1,0
"1306","7573198",0,0,0,0,0,1,0,0,0,0,0,0
"1307","7573248",0,0,0,0,0,0,1,0,0,0,0,0
"1308","7573249",0,0,0,0,0,0,1,0,0,0,0,0
"1309","7573315",0,0,0,0,0,1,0,0,0,0,0,0
"1310","7573357",0,0,0,0,0,0,1,0,0,0,0,0
"1311","7573373",0,0,0,0,0,1,0,0,0,0,0,0
"1312","7573410",0,0,0,0,0,1,0,0,0,0,0,0
"1313","7573466",0,0,0,0,0,0,1,0,0,0,0,0
"1314","7573485",0,0,0,0,0,1,0,0,0,0,0,0
"1315","7574398",0,0,0,0,0,0,0,0,1,0,0,0
"1316","7574439",0,0,0,0,0,0,1,0,0,0,0,0
"1317","7574442",0,0,0,0,0,0,1,0,0,0,0,0
"1318","7574523",0,0,0,0,0,0,0,0,1,0,0,0
"1319","7574548",0,0,0,0,0,0,1,0,0,0,0,0
"1320","7574552",0,0,0,0,0,0,1,0,0,0,0,0
"1321","7574579",0,0,0,0,0,0,1,0,0,0,0,0
"1322","7574585",0,0,0,0,0,0,0,0,1,0,0,0
"1323","7574589",0,0,0,0,0,0,0,0,1,0,0,0
"1324","7574639",0,0,0,0,0,0,0,0,1,0,0,0
"1325","7574757",0,0,0,0,0,0,1,0,0,0,0,0
"1326","7574820",0,0,0,0,0,0,0,0,1,0,0,0
"1327","7574821",0,0,0,0,0,0,0,0,1,0,0,0
"1328","7574878",0,0,0,0,0,0,0,0,1,0,0,0
"1329","7574897",0,0,0,0,0,0,1,0,0,0,0,0
"1330","7574898",0,0,0,0,0,0,1,0,0,0,0,0
"1331","7574919",0,0,0,0,0,0,1,0,0,0,0,0
"1332","7574956",0,0,0,0,0,0,1,0,0,0,0,0
"1333","7574959",0,0,0,0,0,0,1,0,0,0,0,0
"1334","7575010",0,0,0,0,0,0,1,0,0,0,0,0
"1335","7578483",0,0,0,0,0,0,0,0,0,1,0,0
"1336","7578497",0,0,0,0,0,0,0,0,0,1,0,0
"1337","7578592",0,0,0,0,0,0,1,0,0,0,0,0
"1338","7578597",0,0,0,0,0,0,1,0,0,0,0,0
"1339","7578671",0,0,0,0,0,0,1,0,0,0,0,0
"1340","7578672",0,0,0,0,0,0,1,0,0,0,0,0
"1341","7578801",0,0,0,0,0,0,1,0,0,0,0,0
"1342","7578802",0,0,0,0,0,0,1,0,0,0,0,0
"1343","7579044",0,0,0,0,0,0,1,0,0,0,0,0
"1344","7579134",0,0,0,0,0,0,1,0,0,0,0,0
"1345","7579135",0,0,0,0,0,0,1,0,0,0,0,0
"1346","7579256",0,0,0,0,0,0,1,0,0,0,0,0
"1347","7579355",0,0,0,0,0,1,0,0,0,0,0,0
"1348","7579356",0,0,0,0,0,0,1,0,0,0,0,0
"1349","7579358",0,0,0,0,0,0,1,0,0,0,0,0
"1350","7579490",0,1,0,0,0,0,0,0,0,0,0,0
"1351","7579539",0,1,0,0,0,0,0,0,0,0,0,0
"1352","7579583",0,1,0,0,0,0,0,0,0,0,0,0
"1353","7580608",0,0,0,0,0,0,0,0,0,1,0,0
"1354","7580631",0,1,0,0,0,0,0,0,0,0,0,0
"1355","7580720",0,1,0,0,0,0,0,0,0,0,0,0
"1356","7580832",0,0,0,0,0,0,0,0,0,1,0,0
"1357","7580846",0,0,0,0,0,0,1,0,0,0,0,0
"1358","7580851",0,0,0,0,0,0,0,0,0,1,0,0
"1359","7581061",0,0,0,0,0,0,0,0,0,1,0,0
"1360","7581199",0,0,0,0,0,0,1,0,0,0,0,0
"1361","7581247",0,0,0,0,0,0,0,0,0,1,0,0
"1362","7581250",0,0,0,0,0,0,0,0,0,1,0,0
"1363","7581308",0,0,0,0,0,1,0,0,0,0,0,0
"1364","7581388",0,0,0,0,0,1,0,0,0,0,0,0
"1365","7581401",0,0,0,0,0,0,0,0,0,1,0,0
"1366","7581402",0,0,0,0,0,0,0,0,0,1,0,0
"1367","7581468",0,0,0,0,0,1,0,0,0,0,0,0
"1368","7581527",0,0,0,0,0,1,0,0,0,0,0,0
"1369","7581581",0,0,0,0,0,0,1,0,0,0,0,0
"1370","7581582",0,0,0,0,0,0,1,0,0,0,0,0
"1371","7581626",0,0,0,0,0,1,0,0,0,0,0,0
"1372","7581681",0,0,0,0,0,1,0,0,0,0,0,0
"1373","7581693",0,0,0,0,0,0,1,0,0,0,0,0
"1374","7581695",0,0,0,0,0,0,1,0,0,0,0,0
"1375","7581766",0,0,0,0,0,1,0,0,0,0,0,0
"1376","7581819",0,0,0,0,0,1,0,0,0,0,0,0
"1377","7581836",0,0,0,0,0,0,1,0,0,0,0,0
"1378","7581885",0,0,0,0,0,1,0,0,0,0,0,0
"1379","7583880",0,0,0,0,0,0,0,0,0,1,0,0
"1380","7583890",0,0,0,0,0,0,0,0,0,1,0,0
"1381","7584075",0,0,0,0,0,0,0,0,0,1,0,0
"1382","7584105",0,0,0,0,0,0,0,0,0,1,0,0
"1383","7584293",0,0,0,0,0,0,0,0,0,1,0,0
"1384","7584337",0,0,0,0,0,0,0,0,0,1,0,0
"1385","7584401",0,0,0,0,0,0,0,0,0,1,0,0
"1386","7590905",0,0,0,0,0,0,0,0,0,1,0,0
"1387","7590995",0,0,0,0,0,0,0,0,0,1,0,0
"1388","7591103",0,0,0,0,0,0,0,0,0,1,0,0
"1389","7596584",0,0,1,0,0,0,0,0,0,0,0,0
"1390","7596590",0,0,1,0,0,0,0,0,0,0,0,0
"1391","7596614",0,0,1,0,0,0,0,0,0,0,0,0
"1392","7596751",0,0,1,0,0,0,0,0,0,0,0,0
"1393","7596755",0,0,1,0,0,0,0,0,0,0,0,0
"1394","7596760",0,0,0,0,1,0,0,0,0,0,0,0
"1395","7596763",0,0,0,0,1,0,0,0,0,0,0,0
"1396","7596796",0,0,0,0,0,0,0,0,0,1,0,0
"1397","7596832",0,0,0,0,0,0,0,0,0,1,0,0
"1398","7596853",0,0,0,0,1,0,0,0,0,0,0,0
"1399","7596855",0,0,0,0,1,0,0,0,0,0,0,0
"1400","7596877",0,0,1,0,0,0,0,0,0,0,0,0
"1401","7596945",0,0,0,0,1,0,0,0,0,0,0,0
"1402","7596947",0,0,0,0,1,0,0,0,0,0,0,0
"1403","7596987",0,0,0,0,0,0,0,0,0,1,0,0
"1404","7596988",0,0,0,0,0,0,0,0,0,1,0,0
"1405","7597063",0,0,0,0,0,0,0,0,1,0,0,0
"1406","7597153",0,0,0,0,1,0,0,0,0,0,0,0
"1407","7597202",0,0,0,0,0,0,0,0,1,0,0,0
"1408","7597346",0,0,0,0,1,0,0,0,0,0,0,0
"1409","7597363",0,0,0,0,1,0,0,0,0,0,0,0
"1410","7597424",0,0,0,0,0,0,0,0,1,0,0,0
"1411","7597477",0,0,0,0,0,0,0,0,0,0,0,1
"1412","7597539",0,0,0,0,1,0,0,0,0,0,0,0
"1413","7597541",0,0,0,0,0,0,0,0,0,1,0,0
"1414","7597558",0,0,0,0,1,0,0,0,0,0,0,0
"1415","7597567",0,0,0,0,0,0,0,0,1,0,0,0
"1416","7597752",0,0,0,0,1,0,0,0,0,0,0,0
"1417","7597810",0,0,0,0,0,0,0,0,1,0,0,0
"1418","7597912",0,0,0,0,0,0,0,0,1,0,0,0
"1419","7597943",0,0,0,0,1,0,0,0,0,0,0,0
"1420","7598324",0,0,0,0,1,0,0,0,0,0,0,0
"1421","7598333",0,0,0,0,1,0,0,0,0,0,0,0
"1422","7598759",0,0,0,0,1,0,0,0,0,0,0,0
"1423","7598931",0,0,0,0,0,0,0,0,1,0,0,0
"1424","7599030",0,0,0,0,1,0,0,0,0,0,0,0
"1425","7599031",0,0,0,0,1,0,0,0,0,0,0,0
"1426","7599032",0,0,0,0,1,0,0,0,0,0,0,0
"1427","7600213",0,1,0,0,0,0,0,0,0,0,0,0
"1428","7600460",0,1,0,0,0,0,0,0,0,0,0,0
"1429","7600560",0,1,0,0,0,0,0,0,0,0,0,0
"1430","7602411",0,0,0,0,0,0,0,0,0,1,0,0
"1431","7602716",0,1,0,0,0,0,0,0,0,0,0,0
"1432","7602876",0,1,0,0,0,0,0,0,0,0,0,0
"1433","7603004",0,0,0,0,0,0,0,0,0,1,0,0
"1434","7603011",0,0,0,0,0,0,0,0,0,1,0,0
"1435","7603180",0,1,0,0,0,0,0,0,0,0,0,0
"1436","7603189",0,0,0,0,1,0,0,0,0,0,0,0
"1437","7603191",0,0,0,0,1,0,0,0,0,0,0,0
"1438","7603192",0,0,0,0,1,0,0,0,0,0,0,0
"1439","7603245",0,0,0,0,0,0,0,1,0,0,0,0
"1440","7603261",0,0,0,0,0,0,0,1,0,0,0,0
"1441","7603332",0,0,1,0,0,0,0,0,0,0,0,0
"1442","7603346",0,0,1,0,0,0,0,0,0,0,0,0
"1443","7603358",0,0,0,0,0,0,0,0,0,1,0,0
"1444","7603361",0,0,0,0,0,0,0,0,0,1,0,0
"1445","7603394",0,0,0,0,0,0,0,1,0,0,0,0
"1446","7603404",0,0,1,0,0,0,0,0,0,0,0,0
"1447","7603414",0,0,0,0,1,0,0,0,0,0,0,0
"1448","7603423",0,1,0,0,0,0,0,0,0,0,0,0
"1449","7603434",0,0,0,0,0,0,1,0,0,0,0,0
"1450","7603494",0,0,1,0,0,0,0,0,0,0,0,0
"1451","7603536",0,0,0,0,0,0,0,0,0,0,1,0
"1452","7603538",0,0,0,0,0,0,0,0,0,0,1,0
"1453","7603664",0,0,0,0,0,0,0,1,0,0,0,0
"1454","7603695",0,0,0,0,1,0,0,0,0,0,0,0
"1455","7603733",0,1,0,0,0,0,0,0,0,0,0,0
"1456","7603736",0,0,0,0,1,0,0,0,0,0,0,0
"1457","7603738",0,0,0,0,0,0,0,0,0,1,0,0
"1458","7603739",0,0,0,0,0,0,0,0,0,0,1,0
"1459","7603746",0,0,0,0,0,0,0,1,0,0,0,0
"1460","7603751",0,0,0,0,0,0,0,0,0,1,0,0
"1461","7603759",0,0,1,0,0,0,0,0,0,0,0,0
"1462","7603806",0,0,0,0,0,0,1,0,0,0,0,0
"1463","7603832",0,0,0,0,0,0,0,0,0,0,1,0
"1464","7603844",0,0,0,0,0,0,0,0,0,1,0,0
"1465","7603894",0,0,1,0,0,0,0,0,0,0,0,0
"1466","7603926",0,0,0,0,0,0,0,1,0,0,0,0
"1467","7603965",0,0,0,0,0,0,0,1,0,0,0,0
"1468","7604098",0,0,0,0,0,0,0,1,0,0,0,0
"1469","7604153",0,0,0,0,0,0,0,1,0,0,0,0
"1470","7604164",0,0,0,0,0,0,1,0,0,0,0,0
"1471","7604176",0,0,0,0,0,0,0,1,0,0,0,0
"1472","7604344",0,0,0,0,1,0,0,0,0,0,0,0
"1473","7604349",0,0,0,0,1,0,0,0,0,0,0,0
"1474","7604357",0,0,0,0,1,0,0,0,0,0,0,0
"1475","7604599",0,0,0,0,1,0,0,0,0,0,0,0
"1476","7604602",0,0,0,0,1,0,0,0,0,0,0,0
"1477","7604606",0,0,0,0,1,0,0,0,0,0,0,0
"1478","7604858",0,0,0,0,1,0,0,0,0,0,0,0
"1479","7604951",0,0,0,0,0,0,1,0,0,0,0,0
"1480","7604953",0,0,0,0,0,0,1,0,0,0,0,0
"1481","7605054",0,0,0,0,0,1,0,0,0,0,0,0
"1482","7605151",0,0,0,0,0,1,0,0,0,0,0,0
"1483","7605233",0,0,0,0,0,0,1,0,0,0,0,0
"1484","7605236",0,0,0,0,0,0,1,0,0,0,0,0
"1485","7605269",0,0,0,0,0,1,0,0,0,0,0,0
"1486","7605464",0,0,0,0,0,0,1,0,0,0,0,0
"1487","7605478",0,0,0,0,0,0,1,0,0,0,0,0
"1488","7605911",0,1,0,0,0,0,0,0,0,0,0,0
"1489","7606042",0,1,0,0,0,0,0,0,0,0,0,0
"1490","7606252",0,1,0,0,0,0,0,0,0,0,0,0
"1491","7606385",0,1,0,0,0,0,0,0,0,0,0,0
"1492","7607500",0,0,0,0,1,0,0,0,0,0,0,0
"1493","7607503",0,0,0,0,1,0,0,0,0,0,0,0
"1494","7607693",0,0,0,0,1,0,0,0,0,0,0,0
"1495","7607694",0,0,0,0,1,0,0,0,0,0,0,0
"1496","7607753",0,0,0,0,0,0,0,0,0,1,0,0
"1497","7607930",0,0,0,0,1,0,0,0,0,0,0,0
"1498","7607932",0,0,0,0,1,0,0,0,0,0,0,0
"1499","7607954",0,0,0,0,0,0,0,0,0,0,1,0
"1500","7608032",0,0,0,0,0,0,1,0,0,0,0,0
"1501","7608086",0,0,0,0,1,0,0,0,0,0,0,0
"1502","7608145",0,0,0,0,0,0,0,0,0,0,1,0
"1503","7608153",0,0,0,0,0,0,0,0,0,0,1,0
"1504","7608198",0,0,0,0,0,0,1,0,0,0,0,0
"1505","7608242",0,0,0,1,0,0,0,0,0,0,0,0
"1506","7608243",0,0,0,1,0,0,0,0,0,0,0,0
"1507","7608244",0,0,0,1,0,0,0,0,0,0,0,0
"1508","7608264",0,0,0,1,0,0,0,0,0,0,0,0
"1509","7608276",0,0,0,0,0,0,1,0,0,0,0,0
"1510","7608300",0,0,0,0,1,0,0,0,0,0,0,0
"1511","7608313",0,0,0,0,0,0,0,0,0,0,1,0
"1512","7608320",0,0,0,0,0,0,0,0,0,0,1,0
"1513","7608343",0,0,0,0,0,0,0,0,0,1,0,0
"1514","7608407",0,0,0,0,0,0,0,0,0,1,0,0
"1515","7608411",0,1,0,0,0,0,0,0,0,0,0,0
"1516","7608501",0,0,0,0,0,0,0,0,0,0,1,0
"1517","7608508",0,0,0,0,0,0,0,0,0,0,1,0
"1518","7608513",0,0,0,0,0,0,0,0,0,0,1,0
"1519","7608567",0,0,0,1,0,0,0,0,0,0,0,0
"1520","7608568",0,0,0,1,0,0,0,0,0,0,0,0
"1521","7608569",0,0,0,1,0,0,0,0,0,0,0,0
"1522","7608659",0,0,0,0,0,0,1,0,0,0,0,0
"1523","7608698",0,1,0,0,0,0,0,0,0,0,0,0
"1524","7608883",0,1,0,0,0,0,0,0,0,0,0,0
"1525","7608910",0,0,0,0,0,0,0,0,0,1,0,0
"1526","7608979",0,0,0,0,1,0,0,0,0,0,0,0
"1527","7609011",0,0,0,0,1,0,0,0,0,0,0,0
"1528","7609152",0,0,0,0,1,0,0,0,0,0,0,0
"1529","7609159",0,0,0,0,1,0,0,0,0,0,0,0
"1530","7609168",0,0,0,0,0,0,0,0,1,0,0,0
"1531","7609184",0,0,0,0,1,0,0,0,0,0,0,0
"1532","7609241",0,0,0,0,0,0,0,0,1,0,0,0
"1533","7609245",0,0,0,0,0,0,0,0,1,0,0,0
"1534","7609325",0,0,0,0,1,0,0,0,0,0,0,0
"1535","7609326",0,0,0,0,1,0,0,0,0,0,0,0
"1536","7609328",0,0,0,0,1,0,0,0,0,0,0,0
"1537","7609392",0,0,0,0,0,0,0,0,1,0,0,0
"1538","7609415",0,0,0,0,0,0,0,0,1,0,0,0
"1539","7609447",0,0,0,0,0,1,0,0,0,0,0,0
"1540","7609468",0,0,0,0,1,0,0,0,0,0,0,0
"1541","7609469",0,0,0,0,1,0,0,0,0,0,0,0
"1542","7609482",0,0,0,0,0,0,0,0,1,0,0,0
"1543","7609509",0,0,0,0,0,0,0,0,1,0,0,0
"1544","7609571",0,0,0,0,0,0,0,0,1,0,0,0
"1545","7609574",0,0,0,0,0,0,0,0,1,0,0,0
"1546","7609592",0,0,0,0,0,0,0,0,1,0,0,0
"1547","7609675",0,0,0,0,0,0,0,0,1,0,0,0
"1548","7610031",0,1,0,0,0,0,0,0,0,0,0,0
"1549","7610148",0,1,0,0,0,0,0,0,0,0,0,0
"1550","7610232",0,1,0,0,0,0,0,0,0,0,0,0
"1551","7610427",0,1,0,0,0,0,0,0,0,0,0,0
"1552","7610545",0,1,0,0,0,0,0,0,0,0,0,0
"1553","7611382",0,0,1,0,0,0,0,0,0,0,0,0
"1554","7611489",0,0,0,0,0,0,0,0,0,0,0,1
"1555","7611603",0,0,0,0,0,0,0,0,0,1,0,0
"1556","7611771",0,0,0,0,0,0,0,0,1,0,0,0
"1557","7611800",0,0,0,0,0,0,0,0,0,1,0,0
"1558","7611899",0,0,0,0,1,0,0,0,0,0,0,0
"1559","7611905",0,0,0,0,1,0,0,0,0,0,0,0
"1560","7611991",0,0,0,0,0,0,0,0,1,0,0,0
"1561","7612019",0,0,0,0,0,0,0,0,0,0,0,1
"1562","7612100",0,0,0,0,0,0,0,0,1,0,0,0
"1563","7612107",0,0,0,0,1,0,0,0,0,0,0,0
"1564","7612241",0,0,0,0,1,0,0,0,0,0,0,0
"1565","7612305",0,0,0,0,1,0,0,0,0,0,0,0
"1566","7612308",0,0,0,0,1,0,0,0,0,0,0,0
"1567","7612315",0,0,0,0,0,0,0,0,1,0,0,0
"1568","7612318",0,0,0,0,0,0,0,0,1,0,0,0
"1569","7612354",0,0,0,0,0,0,0,0,0,0,0,1
"1570","7612443",0,0,0,0,1,0,0,0,0,0,0,0
"1571","7612446",0,0,0,0,1,0,0,0,0,0,0,0
"1572","7612450",0,0,0,0,1,0,0,0,0,0,0,0
"1573","7612612",0,0,0,0,0,0,0,0,0,0,0,1
"1574","7612627",0,0,0,0,0,0,0,1,0,0,0,0
"1575","7612669",0,0,0,0,0,0,0,1,0,0,0,0
"1576","7612693",0,0,0,0,1,0,0,0,0,0,0,0
"1577","7612694",0,0,0,0,1,0,0,0,0,0,0,0
"1578","7612696",0,0,0,0,1,0,0,0,0,0,0,0
"1579","7612699",0,0,0,0,0,0,1,0,0,0,0,0
"1580","7612707",0,0,0,0,0,0,0,1,0,0,0,0
"1581","7612798",0,0,0,0,0,0,0,1,0,0,0,0
"1582","7612846",0,0,0,0,0,1,0,0,0,0,0,0
"1583","7612849",0,0,0,0,0,0,0,1,0,0,0,0
"1584","7612859",0,0,0,0,1,0,0,0,0,0,0,0
"1585","7612860",0,0,0,0,1,0,0,0,0,0,0,0
"1586","7612862",0,0,0,0,1,0,0,0,0,0,0,0
"1587","7612909",0,0,0,0,0,0,0,1,0,0,0,0
"1588","7612910",0,0,0,1,0,0,0,0,0,0,0,0
"1589","7612912",0,0,0,1,0,0,0,0,0,0,0,0
"1590","7612916",0,0,0,0,0,0,0,1,0,0,0,0
"1591","7612968",0,0,0,0,0,0,1,0,0,0,0,0
"1592","7612974",0,0,0,0,0,1,0,0,0,0,0,0
"1593","7613098",0,0,0,0,1,0,0,0,0,0,0,0
"1594","7613100",0,0,0,0,1,0,0,0,0,0,0,0
"1595","7613132",0,0,0,0,0,1,0,0,0,0,0,0
"1596","7613205",0,0,0,1,0,0,0,0,0,0,0,0
"1597","7613206",0,0,0,1,0,0,0,0,0,0,0,0
"1598","7613207",0,0,0,1,0,0,0,0,0,0,0,0
"1599","7613208",0,0,0,1,0,0,0,0,0,0,0,0
"1600","7613232",0,0,0,0,0,0,1,0,0,0,0,0
"1601","7613291",0,0,0,0,0,1,0,0,0,0,0,0
"1602","7613357",0,0,0,0,1,0,0,0,0,0,0,0
"1603","7613358",0,0,0,0,1,0,0,0,0,0,0,0
"1604","7613398",0,0,0,0,0,1,0,0,0,0,0,0
"1605","7613489",0,0,0,0,0,0,1,0,0,0,0,0
"1606","7613491",0,0,0,0,0,0,1,0,0,0,0,0
"1607","7613523",0,0,0,0,1,0,0,0,0,0,0,0
"1608","7613527",0,0,0,0,1,0,0,0,0,0,0,0
"1609","7613656",0,0,0,0,0,1,0,0,0,0,0,0
"1610","7613766",0,0,0,0,0,0,1,0,0,0,0,0
"1611","7613786",0,0,0,0,0,1,0,0,0,0,0,0
"1612","7613904",0,0,0,0,0,0,1,0,0,0,0,0
"1613","7613907",0,0,0,0,0,1,0,0,0,0,0,0
"1614","7616017",0,0,0,0,0,0,0,0,0,0,1,0
"1615","7616170",0,0,0,0,0,0,0,0,0,0,1,0
"1616","7616185",0,0,0,0,0,0,0,0,0,0,1,0
"1617","7616253",0,0,0,0,1,0,0,0,0,0,0,0
"1618","7616255",0,0,0,0,1,0,0,0,0,0,0,0
"1619","7616424",0,0,0,0,1,0,0,0,0,0,0,0
"1620","7616425",0,0,0,0,1,0,0,0,0,0,0,0
"1621","7616426",0,0,0,0,1,0,0,0,0,0,0,0
"1622","7616497",0,0,0,0,1,0,0,0,0,0,0,0
"1623","7616500",0,0,0,0,1,0,0,0,0,0,0,0
"1624","7616646",0,0,0,0,1,0,0,0,0,0,0,0
"1625","7616692",0,0,0,0,1,0,0,0,0,0,0,0
"1626","7616761",0,0,0,0,1,0,0,0,0,0,0,0
"1627","7616762",0,0,0,0,1,0,0,0,0,0,0,0
"1628","7616837",0,0,0,0,1,0,0,0,0,0,0,0
"1629","7616988",0,0,0,0,1,0,0,0,0,0,0,0
"1630","7616993",0,0,0,0,1,0,0,0,0,0,0,0
"1631","7616995",0,0,0,0,1,0,0,0,0,0,0,0
"1632","7617142",0,0,0,0,1,0,0,0,0,0,0,0
"1633","7617145",0,0,0,0,1,0,0,0,0,0,0,0
"1634","7617146",0,0,0,0,1,0,0,0,0,0,0,0
"1635","7625166",0,0,1,0,0,0,0,0,0,0,0,0
"1636","7625268",0,0,1,0,0,0,0,0,0,0,0,0
"1637","7625274",0,0,1,0,0,0,0,0,0,0,0,0
"1638","7625515",0,0,0,0,0,1,0,0,0,0,0,0
"1639","7625637",0,0,0,0,0,1,0,0,0,0,0,0
"1640","7625889",0,0,0,0,0,1,0,0,0,0,0,0
"1641","7626198",0,0,0,0,0,1,0,0,0,0,0,0
"1642","7629775",0,0,1,0,0,0,0,0,0,0,0,0
"1643","7629868",0,0,1,0,0,0,0,0,0,0,0,0
"1644","7630889",0,0,0,0,0,0,0,1,0,0,0,0
"1645","7631097",0,0,1,0,0,0,0,0,0,0,0,0
"1646","7631103",0,0,0,0,0,0,0,1,0,0,0,0
"1647","7631316",0,0,1,0,0,0,0,0,0,0,0,0
"1648","7631318",0,0,1,0,0,0,0,0,0,0,0,0
"1649","7631398",0,0,0,0,0,1,0,0,0,0,0,0
"1650","7631705",0,0,0,0,0,1,0,0,0,0,0,0
"1651","7631893",0,0,0,0,0,1,0,0,0,0,0,0
"1652","7632215",0,0,0,0,0,1,0,0,0,0,0,0
"1653","7632428",0,0,0,0,0,1,0,0,0,0,0,0
"1654","7632611",0,0,0,0,0,1,0,0,0,0,0,0
"1655","7632794",0,0,0,0,0,1,0,0,0,0,0,0
"1656","7635103",0,0,1,0,0,0,0,0,0,0,0,0
"1657","7635119",0,0,1,0,0,0,0,0,0,0,0,0
"1658","7635188",0,0,1,0,0,0,0,0,0,0,0,0
"1659","7635253",0,0,1,0,0,0,0,0,0,0,0,0
"1660","7636247",0,0,0,1,0,0,0,0,0,0,0,0
"1661","7636248",0,0,0,1,0,0,0,0,0,0,0,0
"1662","7636249",0,0,0,1,0,0,0,0,0,0,0,0
"1663","7636489",0,0,0,1,0,0,0,0,0,0,0,0
"1664","7636490",0,0,0,1,0,0,0,0,0,0,0,0
"1665","7636492",0,0,0,1,0,0,0,0,0,0,0,0
"1666","7637520",0,0,0,0,0,1,0,0,0,0,0,0
"1667","7637667",0,0,0,0,0,1,0,0,0,0,0,0
"1668","7637819",0,0,0,0,0,1,0,0,0,0,0,0
"1669","7637964",0,0,0,0,0,1,0,0,0,0,0,0
"1670","7641660",0,0,1,0,0,0,0,0,0,0,0,0
"1671","7641672",0,0,1,0,0,0,0,0,0,0,0,0
"1672","7641820",0,0,1,0,0,0,0,0,0,0,0,0
"1673","7641927",0,0,1,0,0,0,0,0,0,0,0,0
"1674","7641989",0,0,1,0,0,0,0,0,0,0,0,0
"1675","7642406",0,0,1,0,0,0,0,0,0,0,0,0
"1676","7642571",0,0,1,0,0,0,0,0,0,0,0,0
"1677","7642791",0,0,1,0,0,0,0,0,0,0,0,0
"1678","7642928",0,0,1,0,0,0,0,0,0,0,0,0
"1679","7643008",0,0,1,0,0,0,0,0,0,0,0,0
"1680","7643628",0,0,0,0,0,1,0,0,0,0,0,0
"1681","7643907",0,0,0,0,0,1,0,0,0,0,0,0
"1682","7643999",0,0,0,0,0,1,0,0,0,0,0,0
"1683","7652698",0,1,0,0,0,0,0,0,0,0,0,0
"1684","A4",1,0,0,0,0,0,0,0,0,0,0,0
