"","session_id","age","gender","attention_check","nfc_01","nfc_02r","nfc_03r","nfc_04","nfc_05","nfc_06r"
"1",7385046,19,"female",1,3,4,4,3,2,3
"2",7385155,18,"female",1,1,2,5,1,3,2
"3",7391990,18,"female",1,5,5,1,5,5,5
"4",7392153,18,"female",0,4,4,4,1,1,1
"5",7392233,18,"female",1,2,2,2,3,4,2
"6",7392698,24,"male",0,4,3,4,2,3,2
"7",7392875,18,"female",1,4,1,2,5,4,2
"8",7397218,19,"male",1,2,4,3,2,3,2
"9",7397377,20,"female",0,3,2,4,3,3,4
"10",7397497,18,"female",1,3,2,4,3,4,4
"11",7399330,19,"female",1,3,2,4,3,2,2
"12",7399569,18,"female",1,2,3,5,2,1,3
"13",7407138,20,"female",1,2,3,4,3,3,2
"14",7407324,21,"female",1,3,2,3,2,2,2
"15",7407467,18,"female",1,4,4,4,2,2,2
"16",7408019,18,"male",1,2,3,2,2,3,4
"17",7413094,18,"female",1,5,1,3,3,3,2
"18",7413208,19,"female",1,3,4,2,2,4,3
"19",7413320,18,"female",0,3,2,3,3,4,3
"20",7415180,18,"female",1,3,4,3,2,3,4
"21",7415265,18,"female",0,1,1,4,5,1,2
"22",7415371,18,"female",1,2,4,5,1,3,4
"23",7420043,NA,"male",1,3,4,2,3,4,2
"24",7420112,18,"female",1,2,3,2,1,4,4
"25",7420211,18,"male",1,2,2,4,4,2,2
"26",7422970,18,"female",1,4,2,3,4,4,5
"27",7423114,20,"female",1,3,4,2,4,2,3
"28",7423644,18,"female",0,3,4,4,4,4,3
"29",7423839,18,"female",1,1,2,5,1,4,4
"30",7423937,19,"female",1,3,2,2,3,4,2
"31",7424023,18,"female",0,3,2,2,3,3,2
"32",7428326,18,"female",1,2,2,2,4,2,2
"33",7428391,18,"male",1,4,3,4,3,3,4
"34",7428509,20,"female",0,3,2,2,3,5,4
"35",7437628,18,"female",0,2,2,2,3,4,2
"36",7437746,18,"male",0,5,1,4,4,5,2
"37",7437914,18,"female",0,4,2,3,4,5,1
"38",7476385,18,"female",1,3,2,2,4,4,2
"39",7476448,19,"male",1,2,2,4,3,3,4
"40",7476582,18,"female",1,4,2,4,2,2,2
"41",7480987,19,"male",1,2,3,4,3,4,3
"42",7481180,21,"male",1,3,1,4,5,4,1
"43",7483576,18,"female",0,2,2,4,2,4,4
"44",7490083,19,"male",1,1,4,4,3,3,2
"45",7490187,18,"female",1,2,3,2,4,4,2
"46",7490630,18,"female",1,2,2,5,2,3,4
"47",7490764,19,"female",1,2,2,4,4,5,5
"48",7490892,18,"female",0,2,2,4,2,3,4
"49",7492474,18,"female",1,4,1,4,2,5,2
"50",7492594,20,"female",0,4,2,4,4,2,1
"51",7381253,19,"male",1,4,2,4,3,2,2
"52",7507419,19,"female",0,2,4,4,3,4,2
"53",7510340,19,"female",1,3,2,4,2,4,3
"54",7510509,19,"female",0,3,2,4,2,4,2
"55",7510835,18,"female",1,3,4,5,3,3,3
"56",7511106,20,"female",1,2,2,4,3,3,3
"57",7522086,18,"female",1,4,2,4,3,2,2
"58",7522273,18,"female",1,4,2,3,2,3,4
"59",7522428,18,"female",1,4,2,4,5,4,3
"60",7530101,18,"female",1,2,2,4,2,3,2
"61",7530224,18,"female",0,3,4,3,3,3,3
"62",7381395,18,"female",1,4,1,3,4,4,2
"63",7530306,19,"male",0,2,5,4,3,3,4
"64",7538612,19,"male",1,2,2,4,5,4,2
"65",7538656,18,"female",1,2,4,4,3,2,4
"66",7543283,18,"female",1,2,3,4,2,3,4
"67",7543398,19,"female",1,5,2,3,4,1,3
"68",7543488,19,"female",0,5,5,5,5,5,5
"69",7543902,18,"female",1,3,2,2,3,3,2
"70",7551853,26,"female",0,2,2,2,3,4,2
"71",7551910,18,"male",0,3,3,3,2,3,3
"72",7381507,19,"male",0,2,3,4,2,2,4
"73",7552032,18,"female",1,1,3,4,3,1,2
"74",7556602,18,"female",1,2,4,4,3,4,4
"75",7375800,20,"female",1,2,2,3,3,3,2
"76",7384896,18,"female",1,4,3,3,2,3,3
"77",7404218,18,"female",0,3,2,4,4,4,1
"78",7543842,19,"female",1,2,3,4,2,3,2
"79",7408123,18,"female",1,2,4,2,3,5,2
"80",7384974,27,"female",1,3,1,3,4,4,3
"81",7481081,18,"female",0,3,2,2,4,4,2
"82",7404018,18,"female",0,3,4,5,3,2,4
"83",7408224,18,"female",1,2,4,3,2,4,2
"84",7481274,18,"female",1,3,3,3,3,4,2
"85",7404455,19,"female",1,4,1,3,3,4,2
"86",7404845,18,"female",0,4,2,3,2,4,4
"87",7598409,20,"female",1,4,3,2,4,4,2
"88",7598835,18,"male",1,NA,NA,NA,NA,NA,NA
"89",7598774,19,"female",1,3,2,4,3,3,4
"90",7598755,23,"female",1,3,2,2,4,4,2
"91",7599067,18,"male",0,4,2,4,2,4,4
"92",7599037,18,"female",0,2,1,3,4,3,5
"93",7604387,18,"female",1,2,3,4,4,2,4
"94",7604485,19,"female",1,2,4,3,2,3,2
"95",7604375,19,"female",1,2,1,4,4,4,3
"96",7604755,19,"female",0,3,2,4,3,3,2
"97",7404873,18,"female",1,4,2,2,3,4,2
"98",7604690,18,"male",1,2,3,5,2,2,2
"99",7604894,18,"female",0,4,2,4,2,4,4
"100",7604772,19,"male",1,3,1,3,4,3,2
"101",7605052,20,"male",1,NA,4,5,5,3,3
"102",7605044,20,"female",0,3,3,3,3,3,3
"103",7613349,18,"female",0,3,3,3,2,2,4
"104",7613352,18,"female",0,4,2,3,3,4,2
"105",7613332,18,"female",1,3,5,4,5,5,2
"106",7613503,19,"female",0,1,4,4,4,4,2
"107",7613694,19,"female",1,2,4,4,4,3,2
"108",7404938,18,"female",1,3,1,4,4,3,2
"109",7613819,19,"male",0,5,2,2,4,4,4
"110",7404931,18,"female",1,4,1,4,1,4,4
"111",7404943,19,"female",1,1,3,3,3,2,3
"112",7407923,18,"female",1,3,3,4,4,4,3
"113",7407902,19,"female",1,2,2,3,2,1,3
"114",7408039,19,"female",1,3,3,5,3,2,2
"115",7408043,18,"female",1,2,2,4,2,4,2
"116",7404471,19,"female",0,3,2,2,3,4,2
"117",7408129,NA,"female",1,NA,NA,4,1,3,2
"118",7408132,18,"male",0,2,3,1,4,3,4
"119",7408134,18,"male",1,4,1,2,3,4,2
"120",7408206,18,"female",1,2,2,2,3,1,1
"121",7408225,19,"male",0,1,4,2,4,2,2
"122",7408196,18,"female",1,2,2,3,2,4,3
"123",7408236,19,"female",1,2,3,4,2,2,3
"124",7408296,18,"female",1,4,4,4,4,4,2
"125",7404492,19,"female",0,2,3,4,3,3,2
"126",7451820,18,"female",1,5,4,4,1,3,5
"127",7451824,18,"male",0,3,2,5,3,3,2
"128",7451981,20,"female",0,3,3,4,3,3,4
"129",7452161,21,"female",1,4,2,3,4,4,2
"130",7452235,18,"female",1,4,3,4,4,5,2
"131",7452213,18,"male",0,2,2,5,2,4,3
"132",7452323,20,"female",0,3,1,2,4,4,2
"133",7452317,19,"female",1,2,2,2,4,4,2
"134",7452371,19,"female",1,2,2,4,3,4,3
"135",7452456,19,"female",1,1,2,3,3,5,1
"136",7452505,18,"female",1,4,2,4,2,4,2
"137",7452487,18,"female",0,3,3,3,3,2,2
"138",7455165,18,"female",1,4,2,2,2,3,4
"139",7455169,19,"male",1,4,2,3,3,4,3
"140",7455127,21,"female",1,2,1,2,3,4,3
"141",7455240,18,"female",1,2,3,4,3,2,2
"142",7404644,18,"female",1,2,4,4,3,3,4
"143",7455219,19,"female",0,2,5,2,3,4,3
"144",7455304,18,"female",0,2,3,3,3,3,2
"145",7455310,18,"female",0,1,4,5,2,2,4
"146",7455262,18,"female",0,3,2,4,4,5,3
"147",7455369,21,"female",0,4,2,5,5,3,2
"148",7455387,18,"female",1,4,3,4,5,4,1
"149",7455375,18,"female",0,4,2,4,4,4,4
"150",7455434,19,"female",1,2,4,4,2,2,2
"151",7455453,18,"female",1,3,2,2,2,4,2
"152",7455455,18,"female",0,3,3,4,4,4,3
"153",7404626,18,"female",1,2,4,4,2,2,4
"154",7499173,18,"male",0,4,2,2,4,4,3
"155",7499175,NA,"female",1,3,2,4,3,5,4
"156",7499344,18,"female",1,2,3,4,4,2,3
"157",7499355,19,"male",1,2,2,2,2,2,4
"158",7499538,18,"male",0,3,2,3,2,3,3
"159",7499539,22,"female",1,3,4,2,4,5,2
"160",7501409,18,"female",1,3,2,3,4,3,2
"161",7501446,20,"female",0,3,2,4,4,3,3
"162",7502275,19,"female",1,2,2,4,4,4,2
"163",7404778,18,"female",0,4,2,4,2,4,4
"164",7502279,19,"female",1,3,2,4,3,4,2
"165",7502257,18,"male",1,4,1,2,4,4,2
"166",7502382,18,"female",1,3,2,3,3,3,3
"167",7502383,18,"female",1,3,2,3,3,4,2
"168",7502514,21,"male",1,3,2,3,2,4,3
"169",7549928,18,"female",1,2,1,5,2,3,4
"170",7549919,19,"female",1,2,3,4,4,3,3
"171",7549925,21,"male",1,3,2,4,3,4,4
"172",7550042,18,"female",1,2,2,4,3,4,3
"173",7550041,18,"male",1,4,2,2,4,3,5
"174",7404789,18,"male",1,3,2,4,4,4,2
"175",7550086,19,"male",1,4,1,4,3,4,2
"176",7550141,18,"female",1,2,1,3,3,5,1
"177",7550153,18,"female",1,4,2,2,4,4,2
"178",7550157,18,"female",1,3,2,4,3,2,2
"179",7550189,19,"female",1,2,4,5,1,2,4
"180",7552338,19,"female",0,4,1,5,5,5,1
"181",7552296,21,"female",1,3,3,4,2,4,3
"182",7552432,19,"female",1,3,2,4,3,5,3
"183",7552429,18,"female",1,3,3,4,2,5,2
"184",7552445,20,"female",0,3,2,2,3,4,2
"185",7404824,18,"male",0,4,5,5,5,4,2
"186",7552377,18,"female",1,4,5,5,1,1,4
"187",7552515,20,"male",1,2,2,2,4,4,1
"188",7552518,19,"female",1,2,2,4,2,4,2
"189",7552555,19,"female",1,2,4,4,3,2,3
"190",7552580,21,"female",1,4,1,3,4,4,1
"191",7597722,20,"female",1,3,3,2,3,4,3
"192",7598062,20,"female",1,2,2,5,3,2,3
"193",7598107,18,"female",1,2,4,4,3,1,2
"194",7499191,19,"female",1,2,4,5,3,2,4
"195",7407886,19,"male",1,3,3,2,4,3,4
"196",7408078,18,"female",1,4,2,3,2,4,2
"197",7613575,20,"female",1,3,NA,4,3,3,4
"198",7404620,19,"female",1,3,2,4,2,2,2
"199",7452028,18,"female",1,4,2,4,2,5,2
"200",7597712,NA,NA,0,NA,NA,NA,NA,NA,NA
"201",7451822,18,"female",0,4,3,4,2,2,4
"202",7452023,18,"male",0,1,2,4,3,4,2
"203",7597648,NA,NA,1,NA,NA,NA,NA,NA,NA
"204",7404663,18,"female",1,5,3,3,3,3,4
"205",7409989,24,"female",1,3,3,4,3,3,4
"206",7410104,21,"male",1,4,4,4,2,4,2
"207",7412693,32,"male",1,2,1,4,4,4,2
"208",7413069,18,"female",1,3,2,1,4,4,2
"209",7414803,17,"female",1,3,1,4,2,3,4
"210",7414970,25,"female",1,4,1,5,5,4,4
"211",7428111,18,"female",1,4,3,3,3,4,2
"212",7431183,20,"male",0,3,3,3,3,3,4
"213",7434999,18,"female",1,3,5,4,2,4,3
"214",7404838,19,"male",1,4,1,1,5,5,2
"215",7437585,16,"female",0,3,1,5,4,5,2
"216",7446957,18,"female",1,3,1,4,3,5,1
"217",7451128,18,"female",1,3,2,3,4,4,3
"218",7452756,18,"female",1,3,1,3,4,3,2
"219",7470237,18,"female",1,2,2,3,3,2,2
"220",7470200,17,"female",0,1,4,4,3,4,4
"221",7474545,19,"male",1,2,1,2,4,4,2
"222",7483405,24,"male",1,2,3,4,4,3,2
"223",7404968,26,"female",0,4,4,5,3,2,1
"224",7487628,19,"female",0,2,3,4,3,3,5
"225",7539441,19,"male",1,3,1,1,4,4,2
"226",7550010,19,"female",1,3,2,4,2,2,4
"227",7552479,18,"female",0,4,3,4,3,2,3
"228",7578247,19,"female",1,3,2,4,3,5,2
"229",7578508,18,"female",1,4,3,3,3,4,3
"230",7580307,19,"male",1,4,2,1,4,5,2
"231",7580327,20,"female",1,3,4,4,2,3,4
"232",7602936,22,"female",0,3,4,4,4,3,2
"233",7608844,20,"female",1,4,2,4,4,4,2
"234",7609355,21,"female",1,3,2,4,3,3,2
"235",7624260,22,"female",0,3,3,3,3,3,3
"236",7624350,20,"male",1,2,2,2,4,3,2
"237",7624691,18,"male",1,3,4,4,4,4,4
"238",7625507,27,"female",1,4,1,1,5,4,2
"239",7625780,19,"male",0,3,2,2,4,3,2
"240",7406991,18,"female",1,3,2,4,1,2,3
"241",7407430,18,"female",0,3,2,2,4,5,2
"242",7409617,17,"male",1,1,4,3,3,1,4
"243",7409728,17,"female",1,4,3,4,2,5,2
"244",7624529,NA,NA,0,NA,NA,NA,NA,NA,NA
"245",7392194,NA,NA,0,NA,NA,NA,NA,NA,NA
"246",7459564,20,"female",0,4,1,1,3,3,4
"247",7406697,29,"female",0,3,5,3,3,2,2
"248",7428114,18,"female",1,3,1,2,1,5,1
"249",7563058,19,"male",1,3,1,2,4,5,3
"250",7563056,18,"male",1,4,2,3,4,4,2
"251",7567737,18,"female",1,2,2,4,4,4,1
"252",7570383,18,"female",0,2,2,2,4,4,2
"253",7572644,19,"female",1,4,1,2,2,2,1
"254",7572895,19,NA,0,2,1,3,4,4,3
"255",7597254,19,"female",1,4,1,3,4,4,2
"256",7597251,18,"male",1,2,3,4,3,3,2
"257",7603012,19,"female",1,2,2,4,5,5,1
"258",7604009,21,"male",1,4,4,4,3,3,3
"259",7608008,21,"female",1,3,2,2,4,4,2
"260",7612148,21,"male",1,3,2,2,4,4,2
"261",7428643,18,"female",1,2,2,2,2,2,4
"262",7612813,20,"male",1,2,4,2,1,2,4
"263",7624548,18,"female",1,3,2,4,3,2,5
"264",7631394,19,"male",1,2,4,5,2,4,4
"265",7635879,19,"female",0,2,4,3,3,4,2
"266",7434910,18,"female",1,2,2,4,3,2,4
"267",7641260,21,"male",1,4,2,3,3,4,2
"268",7641263,18,"female",1,3,2,4,3,4,3
"269",7434913,21,"female",1,3,4,NA,2,3,4
"270",7437457,21,"female",1,3,3,4,2,3,4
"271",7438050,18,"female",0,3,2,4,4,1,3
"272",7438052,18,"female",1,4,4,4,1,5,4
"273",7440534,18,"female",1,2,2,3,3,2,2
"274",7444045,18,"female",0,2,2,5,3,4,2
"275",7444050,18,"female",0,2,2,2,3,4,3
"276",7444524,20,"male",1,4,1,2,5,5,1
"277",7451583,18,"female",1,4,2,5,3,3,2
"278",7451584,18,"female",0,4,2,4,4,1,4
"279",7454876,18,"female",0,3,4,5,2,4,4
"280",7457204,18,"male",1,2,4,3,2,4,5
"281",7457181,18,"female",1,1,1,2,2,4,3
"282",7459846,18,"female",1,4,3,4,3,4,2
"283",7459845,18,"female",1,3,2,2,3,3,2
"284",7460252,18,"female",1,2,3,4,3,4,2
"285",7467059,18,"female",0,4,2,2,4,3,2
"286",7467056,20,"female",1,4,2,3,3,4,4
"287",7469562,18,"female",0,2,3,4,3,4,1
"288",7469564,18,"female",1,3,2,2,4,4,2
"289",7469906,19,"female",1,3,4,4,2,3,4
"290",7472065,20,"female",1,2,2,2,3,3,2
"291",7472060,19,"male",1,2,3,3,NA,NA,1
"292",7474809,18,"female",1,3,1,4,4,5,1
"293",7474806,NA,"female",1,3,4,4,4,3,2
"294",7481172,18,"female",1,4,2,2,4,5,1
"295",7483491,20,"female",1,4,2,2,4,2,2
"296",7483878,18,"female",1,3,2,3,4,3,2
"297",7483843,18,"female",1,3,2,3,3,4,2
"298",7487071,20,"female",1,2,4,4,2,1,4
"299",7487057,18,"female",0,3,4,2,4,4,5
"300",7498837,19,"female",1,4,4,2,4,5,1
"301",7498835,18,"female",1,2,4,3,2,2,5
"302",7501564,21,"male",1,2,1,2,3,3,2
"303",7502033,21,"female",1,4,2,3,4,4,4
"304",7504293,19,"female",1,3,2,2,3,4,2
"305",7507052,19,"female",0,3,2,5,5,5,1
"306",7507530,22,"female",1,1,2,3,4,2,4
"307",7519078,20,"male",1,2,2,2,4,4,2
"308",7521947,19,"female",0,1,3,3,3,3,3
"309",7425502,20,"female",1,2,2,4,2,2,3
"310",7522709,21,"female",1,2,2,3,4,5,3
"311",7527141,19,"female",1,2,3,3,2,4,2
"312",7527182,NA,"male",0,1,4,4,4,4,4
"313",7529956,20,"female",1,3,1,3,3,5,3
"314",7536191,19,"male",0,2,4,4,4,4,4
"315",7536194,21,"male",0,4,2,2,4,4,3
"316",7425499,19,"male",1,4,2,4,3,4,2
"317",7538852,21,"male",1,5,1,2,4,4,2
"318",7541020,18,"female",1,4,4,5,4,3,2
"319",7540997,21,"male",1,2,3,5,2,4,4
"320",7543206,18,"male",0,2,2,4,4,4,3
"321",7543201,20,"male",1,1,2,1,4,2,3
"322",7543597,19,"female",1,4,2,2,3,4,1
"323",7543600,18,"female",1,4,4,4,3,2,3
"324",7549676,20,"male",1,3,4,4,4,4,3
"325",7552084,20,"female",0,2,2,2,3,5,3
"326",7551762,19,"female",1,2,1,2,2,4,4
"327",7556495,18,"female",1,3,2,2,3,4,2
"328",7556496,21,"female",1,2,4,4,2,4,5
"329",7556892,18,"female",1,3,3,3,2,2,4
"330",7530364,20,"male",0,4,1,3,4,4,1
"331",7530366,20,"female",0,2,2,2,3,4,3
"332",7483489,18,"female",1,2,3,3,3,3,3
"333",7554095,18,"female",1,3,2,3,2,3,1
"334",7554101,20,"female",0,4,1,4,3,5,3
"335",7504276,18,"female",0,4,3,3,3,3,3
"336",7444521,18,"female",1,4,2,2,4,4,2
"337",7657173,NA,NA,0,NA,NA,NA,NA,NA,NA
"338",7538407,19,"female",0,4,2,3,3,5,1
"339",7611760,19,"male",1,3,2,5,2,2,2
"340",7611765,19,"female",0,2,4,4,3,4,5
"341",7611924,20,"female",0,3,3,4,2,2,3
"342",7611920,22,"male",0,5,1,1,5,5,1
"343",7611923,19,"male",0,3,2,3,3,4,3
"344",7611922,20,"male",1,NA,3,3,3,3,3
"345",7415130,20,"male",1,2,4,2,3,4,3
"346",7415126,18,"female",0,4,4,2,3,4,2
"347",7420116,20,"female",1,3,2,1,4,3,2
"348",7420134,18,"female",0,3,4,4,2,3,3
"349",7420092,19,"male",1,4,2,2,3,3,2
"350",7420118,19,"male",0,2,2,4,4,3,4
"351",7422630,19,"female",0,2,2,4,3,4,4
"352",7422624,18,"female",1,5,3,5,3,4,2
"353",7422627,18,"male",1,3,2,4,3,2,2
"354",7434715,18,"female",1,2,2,4,4,2,3
"355",7434707,18,"female",1,2,3,4,4,4,2
"356",7434710,18,"male",0,4,2,3,2,2,1
"357",7434711,18,"female",1,2,2,4,4,4,2
"358",7440468,18,"female",1,3,4,4,2,4,2
"359",7440466,18,"female",0,4,2,2,3,2,2
"360",7440469,21,"female",1,2,4,4,2,2,3
"361",7440459,18,"female",1,4,2,3,4,5,2
"362",7443367,19,"male",0,NA,NA,NA,NA,NA,NA
"363",7443365,19,"male",0,3,4,4,3,4,3
"364",7453963,19,"female",1,2,4,3,4,4,2
"365",7457169,19,"female",0,1,3,5,3,5,1
"366",7457168,19,"male",0,2,2,2,3,3,3
"367",7457167,18,"female",1,3,2,2,3,4,3
"368",7471970,19,"female",1,3,2,4,4,5,2
"369",7471974,18,"female",1,3,3,4,2,3,4
"370",7471971,19,"female",0,3,4,4,4,4,4
"371",7472158,18,"male",1,3,2,3,4,5,2
"372",7472168,20,"male",1,3,2,2,3,4,2
"373",7472156,19,"female",0,2,2,3,3,4,1
"374",7489722,20,"male",1,3,2,4,4,2,2
"375",7489720,18,"male",0,2,2,4,3,4,2
"376",7489719,18,"male",0,3,2,2,3,3,2
"377",7490108,18,"female",0,3,3,4,1,3,2
"378",7490107,18,"female",0,2,3,5,3,2,2
"379",7490105,18,"female",1,3,2,2,4,4,2
"380",7492766,18,"female",0,4,2,2,3,3,1
"381",7492764,18,"female",0,4,2,2,4,4,4
"382",7506850,20,"male",0,3,2,4,3,3,4
"383",7506847,19,"male",0,4,3,4,3,3,3
"384",7506846,19,"male",0,1,1,1,1,1,1
"385",7521718,19,"male",1,3,2,4,3,3,5
"386",7521712,18,"male",0,3,2,4,3,3,3
"387",7527149,18,"male",1,1,3,3,3,3,3
"388",7527144,19,"female",1,4,1,4,5,5,3
"389",7527145,18,"female",0,3,4,4,1,2,3
"390",7527148,18,"female",1,4,3,5,2,3,3
"391",7529887,19,"female",1,3,2,4,3,3,4
"392",7529890,19,"female",1,4,4,5,3,2,2
"393",7529889,18,"female",0,4,2,2,2,4,3
"394",7539290,18,"female",0,4,2,4,2,2,2
"395",7539287,19,"male",1,4,1,3,3,4,4
"396",7406842,19,"male",1,3,1,4,4,3,3
"397",7539289,19,"male",0,1,1,4,1,2,5
"398",7541664,19,"female",1,3,3,3,4,2,2
"399",7541668,19,"male",0,2,2,4,4,5,1
"400",7541667,19,"male",1,4,2,4,3,3,1
"401",7551534,19,"male",0,2,4,2,4,4,4
"402",7551528,19,"male",0,4,1,2,4,4,1
"403",7554005,19,"female",0,3,3,NA,1,3,NA
"404",7554655,20,"male",0,2,3,3,4,3,3
"405",7554663,18,"male",0,3,1,3,4,4,2
"406",7556289,18,"female",1,3,2,5,2,3,4
"407",7406839,21,"female",0,4,4,3,3,3,3
"408",7566783,18,"female",1,2,3,4,3,2,4
"409",7571108,18,"male",0,2,2,4,2,2,4
"410",7571105,19,"female",0,4,3,4,2,2,4
"411",7571104,19,"male",0,2,4,3,2,4,4
"412",7572457,19,"male",0,4,1,4,3,4,2
"413",7572493,19,"male",0,4,4,4,3,2,3
"414",7580466,18,"female",0,2,2,3,3,3,3
"415",7580467,18,"female",1,4,3,3,3,4,4
"416",7580465,18,"female",0,2,3,2,2,2,2
"417",7602592,18,"female",0,3,4,4,2,2,2
"418",7602593,19,"female",0,4,4,3,3,4,2
"419",7602589,19,"female",1,3,2,3,3,4,3
"420",7602800,21,"female",0,4,4,2,3,4,1
"421",7602799,19,"female",0,4,4,3,3,3,4
"422",7602802,21,"male",0,4,2,4,4,4,4
"423",7602813,19,"male",0,5,5,5,5,5,2
"424",7607934,18,"female",0,5,5,5,5,5,5
"425",7607935,20,"male",0,3,2,4,4,4,2
"426",7406836,18,"female",1,2,2,2,2,2,4
"427",7509394,18,"female",0,4,3,2,4,3,3
"428",7422628,18,"female",1,3,4,4,4,5,3
"429",7607936,20,"female",0,3,4,3,3,3,4
"430",7430534,NA,NA,0,NA,NA,NA,NA,NA,NA
"431",7521716,18,"male",0,2,2,4,2,4,4
"432",7566764,20,"male",0,2,2,2,4,4,3
"433",7406840,18,"male",1,4,2,3,3,4,2
"434",7521713,18,"female",0,3,4,4,4,4,4
"435",7424103,21,"female",1,3,2,4,4,4,2
"436",7425130,18,"male",1,2,4,2,2,5,1
"437",7425169,19,"male",1,4,2,4,2,4,4
"438",7425297,20,"female",1,2,2,2,3,4,2
"439",7425495,19,"male",1,4,2,5,3,3,2
"440",7425568,20,"female",0,3,4,4,2,3,2
"441",7425709,20,"male",0,NA,3,4,2,4,3
"442",7425838,18,"female",1,1,1,4,2,4,3
"443",7426064,19,"female",1,4,3,4,2,4,2
"444",7426251,20,"female",1,2,2,3,3,4,2
"445",7412819,19,"female",1,2,2,2,2,4,2
"446",7426368,20,"male",1,3,2,2,4,4,3
"447",7427703,18,"female",1,4,3,3,2,3,2
"448",7427773,21,"female",0,2,4,4,3,3,2
"449",7427965,18,"female",1,1,4,5,3,3,4
"450",7428043,19,"male",1,4,2,4,3,4,4
"451",7428289,19,"male",0,2,3,4,3,2,3
"452",7428448,19,"female",0,3,1,4,1,4,2
"453",7428624,18,"female",0,2,4,4,2,2,2
"454",7429128,18,"male",1,4,4,2,4,2,2
"455",7429290,18,"female",1,4,2,5,4,5,2
"456",7429397,18,"female",1,1,4,5,1,1,3
"457",7430918,18,"female",1,2,3,4,2,3,4
"458",7412991,18,"female",0,4,3,4,2,3,3
"459",7431017,19,"female",1,3,2,3,3,3,2
"460",7431165,19,"female",1,2,2,4,3,4,2
"461",7518110,21,"male",1,4,3,2,3,2,3
"462",7518228,20,"male",1,4,2,3,4,5,1
"463",7518507,18,"male",1,3,2,4,4,3,2
"464",7518828,21,"female",0,4,3,4,2,4,4
"465",7519066,21,"male",0,2,2,3,2,3,2
"466",7519233,19,"female",1,2,2,2,3,4,3
"467",7521663,20,"male",0,2,4,3,4,4,3
"468",7521901,19,"female",1,4,4,4,2,4,2
"469",7522108,18,"female",1,4,1,4,3,4,2
"470",7522263,19,"female",1,2,2,4,3,3,3
"471",7413123,18,"male",0,4,1,2,4,4,3
"472",7522781,20,"female",0,1,5,4,1,5,1
"473",7524211,24,"female",1,2,3,4,3,3,4
"474",7526741,18,"female",1,3,2,4,4,3,2
"475",7527321,18,"female",1,2,2,3,4,4,1
"476",7527582,20,"female",1,3,3,4,4,4,3
"477",7527741,18,"female",0,2,3,2,4,4,2
"478",7529497,21,"female",1,1,2,4,3,4,2
"479",7529541,18,"female",1,2,3,4,2,4,3
"480",7529748,22,"female",1,3,2,4,4,2,3
"481",7530398,20,"female",1,2,2,4,3,4,2
"482",7530510,18,"female",1,3,4,4,3,3,3
"483",7530735,18,"female",1,2,2,4,3,2,4
"484",7530877,19,"female",0,4,4,3,4,4,2
"485",7413324,20,"male",1,3,2,3,4,5,2
"486",7532104,22,"female",0,4,2,3,4,3,1
"487",7532197,18,"female",1,2,3,4,3,2,3
"488",7532304,21,"female",1,4,4,3,2,5,3
"489",7532391,18,"female",0,4,2,3,4,4,3
"490",7532515,20,"female",1,4,2,2,3,5,2
"491",7536538,21,"female",0,2,3,4,3,2,2
"492",7536681,18,"female",0,3,3,4,4,4,2
"493",7541282,22,"female",1,3,2,4,4,4,2
"494",7542915,20,"male",0,3,2,4,4,4,2
"495",7543021,21,"female",0,4,4,4,2,3,2
"496",7543896,21,"female",1,2,2,3,3,4,3
"497",7543971,19,"female",1,1,4,2,3,2,4
"498",7544896,18,"male",1,2,3,4,3,4,4
"499",7545103,18,"female",0,2,4,4,2,2,2
"500",7545239,21,"female",0,2,2,4,2,3,4
"501",7413693,21,"male",1,4,3,4,4,4,4
"502",7549210,18,"female",1,2,2,2,4,5,1
"503",7549325,20,"female",0,2,3,3,1,2,3
"504",7549495,18,"female",1,3,2,5,5,5,2
"505",7549641,19,"female",1,2,2,4,3,5,2
"506",7550134,18,"female",1,4,3,3,3,4,2
"507",7550327,20,"female",0,4,2,4,2,4,4
"508",7550421,18,"female",0,2,4,4,4,3,2
"509",7551388,18,"female",1,4,2,2,4,4,2
"510",7551504,19,"female",1,2,1,3,5,4,3
"511",7552143,21,"female",0,2,4,4,4,3,2
"512",7552286,20,"male",1,3,2,2,3,5,2
"513",7412478,20,"female",0,3,2,2,3,4,2
"514",7413791,19,"male",1,4,1,2,4,4,2
"515",7552634,19,"female",0,3,3,4,4,4,3
"516",7553812,20,"male",1,4,2,4,4,4,2
"517",7553955,20,"female",1,3,1,1,4,4,3
"518",7554497,21,"female",1,1,3,4,4,3,2
"519",7554590,21,"male",1,4,1,5,4,4,2
"520",7554723,19,"female",1,2,2,4,2,4,2
"521",7554899,18,"male",0,5,2,2,2,3,1
"522",7413922,20,"female",1,2,4,3,4,2,3
"523",7414085,NA,"male",0,3,1,1,4,5,2
"524",7412525,20,"female",1,2,1,2,2,5,3
"525",7414808,20,"female",1,3,2,4,2,5,3
"526",7414849,20,"male",1,5,2,4,4,5,2
"527",7415212,19,"male",0,3,4,2,3,3,3
"528",7415709,19,"female",1,2,2,4,2,4,3
"529",7415827,19,"female",0,4,2,3,3,2,4
"530",7415929,NA,"female",0,4,1,1,5,5,2
"531",7419584,20,"male",1,3,3,4,1,2,4
"532",7419777,18,"female",1,2,4,2,3,3,4
"533",7420054,18,"female",0,3,2,4,3,2,2
"534",7420187,18,"female",1,4,1,3,4,5,2
"535",7420262,18,"female",0,2,2,2,3,3,2
"536",7420513,19,"female",1,4,2,2,3,4,3
"537",7420637,19,"male",1,4,2,1,2,2,4
"538",7420782,22,"female",1,3,4,3,4,4,2
"539",7420948,19,"female",1,2,3,4,3,2,4
"540",7421103,18,"male",1,4,2,2,4,5,2
"541",7422536,20,"female",1,3,2,4,2,4,3
"542",7422591,18,NA,1,3,3,3,4,2,3
"543",7422707,19,"female",1,2,2,4,3,4,3
"544",7422990,18,"female",0,4,2,3,3,4,3
"545",7412670,19,"female",0,2,2,3,2,3,1
"546",7423141,19,NA,0,3,4,1,3,4,2
"547",7423312,19,"female",1,3,2,4,2,4,3
"548",7423846,19,"female",1,4,2,3,4,4,1
"549",7419637,19,"male",1,2,2,2,3,4,4
"550",7528362,18,"female",1,3,4,4,2,2,4
"551",7428885,22,"female",0,3,2,5,4,4,4
"552",7424001,18,"female",1,1,3,4,2,4,2
"553",7414980,20,"male",1,4,1,1,5,5,1
"554",7545699,18,"female",0,3,2,4,3,2,2
"555",7541845,19,"female",1,2,3,4,2,5,1
"556",7528475,18,"female",1,4,2,5,2,4,1
"557",7544070,22,"female",1,4,2,2,4,4,3
"558",7530912,18,"female",1,4,3,2,5,1,2
"559",7414010,22,"male",0,3,3,3,3,3,3
"560",7420515,21,"female",1,2,2,2,3,5,2
"561",7536317,18,"female",1,1,3,4,3,2,2
"562",7536316,18,"female",1,4,1,4,4,3,2
"563",7536318,23,"female",0,4,3,3,3,2,2
"564",7536607,19,"female",1,2,2,4,4,5,3
"565",7536611,18,"female",1,4,4,4,4,3,3
"566",7536613,19,"male",1,3,1,4,2,5,2
"567",7541259,20,"female",1,3,3,2,4,2,3
"568",7541262,18,"female",0,5,3,5,5,5,3
"569",7541263,18,"male",0,3,2,4,3,3,3
"570",7425257,18,"female",1,1,3,4,4,4,2
"571",7541640,18,"female",0,3,3,4,3,4,3
"572",7542140,18,"female",0,3,4,4,4,4,4
"573",7542138,21,"male",0,2,4,5,2,2,3
"574",7542139,18,"female",1,2,1,4,4,4,2
"575",7543241,21,"male",0,2,2,3,3,3,3
"576",7543239,18,"male",0,3,2,3,4,4,4
"577",7543479,18,"male",1,2,2,2,4,3,4
"578",7543480,22,"female",0,2,3,3,3,2,2
"579",7543481,19,"male",1,4,3,2,4,4,2
"580",7543995,19,"female",1,3,1,3,4,4,2
"581",7425414,18,"female",0,2,2,2,4,3,3
"582",7543997,18,"male",1,1,4,4,2,4,3
"583",7545424,18,"female",0,2,4,4,4,3,3
"584",7545427,18,"male",0,4,2,2,4,4,2
"585",7545434,19,"male",0,4,2,4,4,4,2
"586",7597455,19,"female",1,3,2,3,3,4,3
"587",7597459,18,"female",1,4,2,2,5,5,4
"588",7597456,18,"female",1,4,1,1,5,5,1
"589",7605173,18,"female",0,3,2,4,3,2,3
"590",7605176,19,"female",0,3,2,4,3,4,4
"591",7605172,20,"male",1,4,2,4,2,4,1
"592",7426624,22,"male",0,2,1,4,1,1,4
"593",7607947,22,"male",1,3,2,2,4,3,2
"594",7607941,18,"female",1,1,3,4,3,3,3
"595",7607945,20,"female",1,4,2,4,3,4,4
"596",7609223,18,"female",1,1,3,4,1,4,4
"597",7428064,19,"female",1,2,1,1,5,5,1
"598",7428458,17,"female",1,2,2,4,3,3,2
"599",7431025,18,"female",1,4,2,2,4,4,1
"600",7434957,18,"male",1,4,3,2,4,4,2
"601",7440546,18,"female",1,4,3,4,4,4,3
"602",7442204,18,"male",1,2,4,3,3,2,2
"603",7442206,17,"female",1,2,2,4,4,4,4
"604",7443950,18,"male",1,2,1,4,3,4,3
"605",7443949,19,"male",1,2,1,4,3,4,1
"606",7444337,18,"female",1,3,2,4,3,3,2
"607",7444336,18,"female",1,4,2,4,2,4,2
"608",7446786,27,"female",1,2,3,2,3,4,2
"609",7446788,25,"female",0,3,2,4,3,3,4
"610",7446937,18,"female",1,2,2,4,4,4,2
"611",7446938,18,"female",1,3,3,3,4,4,4
"612",7451666,18,"female",1,4,1,1,5,5,1
"613",7451668,27,"female",0,4,2,4,2,3,2
"614",7451954,18,"female",1,4,2,4,4,2,2
"615",7451953,21,"female",0,4,2,2,3,4,3
"616",7457197,18,"male",1,2,3,4,3,4,4
"617",7458538,19,"female",1,4,1,2,4,5,3
"618",7458540,18,"female",1,4,1,4,3,4,2
"619",7458536,21,"female",1,3,1,1,4,3,2
"620",7459790,19,"female",1,3,3,4,4,2,2
"621",7459781,22,"male",1,1,3,2,2,4,4
"622",7460099,19,"female",0,3,3,2,4,3,1
"623",7460100,31,"female",1,2,2,3,3,4,3
"624",7460101,19,"male",1,3,2,4,4,5,2
"625",7462406,18,"male",1,2,4,4,4,3,4
"626",7462408,18,"female",0,4,4,3,2,2,4
"627",7462432,20,"female",0,4,2,2,4,4,2
"628",7462603,18,"female",1,4,2,3,4,4,5
"629",7462601,22,"male",1,3,1,2,4,4,1
"630",7466459,18,"female",0,4,4,2,4,3,3
"631",7467188,20,"female",1,2,4,2,2,4,2
"632",7467190,25,"female",0,2,4,2,3,2,5
"633",7471881,19,"female",0,4,3,1,5,4,1
"634",7471877,25,"male",1,2,1,2,3,4,2
"635",7471880,22,"male",0,3,2,2,4,4,2
"636",7473182,18,"male",1,2,3,4,3,5,4
"637",7473183,28,"female",1,3,2,4,3,4,3
"638",7473184,NA,"male",1,2,1,4,3,5,1
"639",7474670,18,"female",1,1,1,3,3,4,2
"640",7474667,18,"female",1,3,4,2,3,4,1
"641",7476696,18,"female",1,2,3,4,3,2,3
"642",7476694,30,"female",0,5,3,5,1,3,4
"643",7476692,19,"female",1,4,2,5,3,5,3
"644",7519220,18,"female",1,4,2,5,3,4,3
"645",7412935,19,"female",1,4,2,2,3,5,1
"646",7519249,18,"female",0,5,2,4,3,3,5
"647",7519665,18,"female",1,2,2,4,2,5,3
"648",7523074,18,"female",1,3,2,4,4,4,2
"649",7523051,21,"male",1,4,2,3,4,4,1
"650",7523053,19,"female",0,3,2,3,3,2,2
"651",7524219,18,"female",1,3,4,4,4,4,3
"652",7524210,22,"male",1,3,2,1,4,4,3
"653",7413305,19,"male",0,3,4,2,3,3,3
"654",7524212,18,"female",1,3,4,4,2,4,3
"655",7527555,18,"female",1,4,4,1,4,3,2
"656",7527558,23,"female",0,NA,4,4,4,4,4
"657",7528078,20,"female",0,3,4,4,4,4,3
"658",7528079,18,"male",1,3,2,3,3,4,2
"659",7528076,19,"female",1,3,1,3,4,4,2
"660",7528622,19,"female",1,4,4,3,3,4,2
"661",7528621,18,"female",1,3,2,3,4,5,4
"662",7530089,18,"male",0,3,4,3,3,3,2
"663",7530110,19,"female",1,3,2,4,4,2,1
"664",7530090,18,"female",0,4,3,4,3,3,2
"665",7530292,19,"male",0,4,2,4,3,3,4
"666",7530291,18,"male",1,2,1,1,4,4,2
"667",7530290,20,"male",0,3,2,3,4,5,2
"668",7530867,19,"female",0,3,4,4,2,2,2
"669",7532287,18,"female",1,4,2,2,4,4,3
"670",7532289,24,"female",1,4,1,4,3,5,2
"671",7532526,18,"female",1,3,2,3,4,4,2
"672",7415512,20,"male",0,2,2,3,2,4,2
"673",7467378,28,"male",1,2,4,4,3,2,1
"674",7467439,17,"female",0,2,4,4,5,5,2
"675",7530868,23,"female",1,4,2,3,4,4,3
"676",7609222,20,"female",1,4,1,4,5,5,3
"677",7476616,20,"male",1,2,3,2,4,4,3
"678",7467382,28,"male",0,4,2,2,3,5,2
"679",7541642,21,"male",1,4,2,2,4,2,2
"680",7476615,19,"female",0,2,3,2,4,3,2
"681",7519664,19,"female",0,3,2,4,3,4,4
"682",7519661,20,"male",0,2,4,3,3,4,4
"683",7609225,18,"female",1,1,2,4,3,4,4
"684",7608508,18,"female",0,2,2,2,2,2,2
"685",7425652,18,"female",0,2,3,3,2,2,4
"686",7425771,20,"female",1,2,2,4,3,4,4
"687",7556859,NA,NA,1,NA,NA,NA,NA,NA,NA
"688",7487311,NA,NA,0,NA,NA,NA,NA,NA,NA
"689",7487437,NA,NA,0,3,1,3,3,4,4
"690",7487439,NA,NA,0,2,3,4,1,1,3
"691",7570651,NA,NA,0,NA,NA,NA,NA,NA,NA
"692",7476602,NA,NA,0,NA,NA,NA,NA,NA,NA
"693",7492680,NA,NA,0,NA,NA,NA,NA,NA,NA
"694",7492855,18,"male",0,4,2,3,4,3,2
"695",7460062,19,"female",0,4,4,4,5,4,4
"696",7425428,NA,NA,0,NA,NA,NA,NA,NA,NA
"697",7532231,NA,NA,0,NA,NA,NA,NA,NA,NA
"698",7425579,18,"male",1,2,1,2,4,4,3
"699",7570579,NA,NA,1,3,2,2,4,3,3
"700",7570653,NA,NA,0,NA,NA,NA,NA,NA,NA
"701",7410129,NA,NA,0,NA,NA,NA,NA,NA,NA
"702",7476509,NA,NA,0,NA,NA,NA,NA,NA,NA
"703",7476601,18,"female",1,3,2,3,3,3,2
"704",7409758,NA,NA,0,4,2,4,NA,NA,NA
"705",7409942,NA,NA,0,4,2,2,4,4,3
"706",7410300,18,"female",1,3,2,4,4,3,2
"707",7476733,NA,NA,0,NA,NA,NA,NA,NA,NA
"708",7476809,NA,NA,1,NA,NA,NA,NA,NA,NA
"709",7410121,NA,NA,1,NA,NA,NA,NA,NA,NA
"710",7608145,NA,NA,0,3,2,4,2,2,4
"711",7476731,NA,NA,0,NA,NA,NA,NA,NA,NA
"712",7410119,NA,NA,0,NA,NA,NA,NA,NA,NA
"713",7409934,NA,NA,0,NA,NA,NA,NA,NA,NA
"714",7410212,21,"male",1,4,2,4,5,5,1
"715",7444275,NA,NA,0,2,1,2,4,5,3
"716",7415350,NA,"female",1,2,3,2,4,4,2
"717",7562468,18,"male",0,5,2,3,2,5,4
"718",7562960,18,"female",1,3,4,4,2,3,3
"719",7567524,18,"female",0,2,4,4,3,4,3
"720",7567684,18,"female",0,2,2,4,3,2,3
"721",7568017,18,"female",0,4,2,4,3,4,2
"722",7569890,18,"female",1,3,2,4,3,4,2
"723",7570000,28,"male",1,4,2,1,4,4,1
"724",7570132,33,"male",0,3,3,3,2,2,3
"725",7570370,18,"female",0,4,2,3,3,4,2
"726",7570584,18,"female",0,4,2,2,4,4,2
"727",7572710,21,"female",0,4,2,2,4,5,2
"728",7574137,18,"male",1,4,2,4,4,4,2
"729",7574208,19,"female",0,1,4,4,3,2,3
"730",7574305,18,"female",1,2,2,4,3,4,2
"731",7574404,18,"female",1,2,2,5,3,4,4
"732",7574551,18,"female",1,2,4,4,2,3,4
"733",7578253,18,"male",1,3,3,4,3,4,4
"734",7578686,20,"female",1,2,2,3,4,4,3
"735",7578758,18,"female",0,3,2,4,2,3,4
"736",7415682,18,"female",0,2,2,2,4,4,1
"737",7581019,18,"female",1,3,2,4,2,3,2
"738",7581136,19,"female",1,4,2,3,3,5,1
"739",7596431,18,"female",1,4,1,5,4,5,3
"740",7597229,25,"female",0,3,4,3,3,3,3
"741",7597484,18,"female",0,3,3,4,2,3,4
"742",7603742,18,"female",1,3,2,4,2,3,4
"743",7603904,13,"female",1,4,1,5,2,5,2
"744",7604228,18,"female",1,3,3,5,4,4,3
"745",7607345,18,"female",0,4,2,3,2,3,2
"746",7415903,18,"female",0,2,2,3,4,4,4
"747",7607499,18,"male",1,2,1,4,3,5,3
"748",7608020,19,"female",1,3,2,4,4,5,3
"749",7608885,18,"female",1,2,2,2,4,4,2
"750",7616043,19,"female",0,1,3,4,4,4,3
"751",7616148,18,"female",1,3,4,4,2,2,3
"752",7616468,18,"female",1,3,4,3,4,4,2
"753",7419619,18,"female",1,2,2,4,2,5,2
"754",7420288,18,"female",1,2,3,4,2,4,3
"755",7420512,18,"male",0,2,4,5,2,2,4
"756",7420667,18,"female",1,3,2,3,2,4,2
"757",7422555,18,"male",1,4,1,4,3,4,2
"758",7423126,18,"female",1,3,1,2,4,5,2
"759",7423371,19,"female",0,3,3,4,2,3,3
"760",7425142,24,"male",1,3,4,4,3,5,2
"761",7425508,18,"female",1,4,1,2,4,4,1
"762",7425756,21,"male",1,4,3,3,3,4,2
"763",7425891,21,"female",0,4,1,3,3,4,2
"764",7426023,18,"female",0,2,2,3,2,4,4
"765",7427617,19,"female",1,5,4,3,4,3,5
"766",7428315,26,"male",0,4,1,3,4,4,2
"767",7430585,19,"female",0,2,2,4,3,4,3
"768",7430779,18,"male",1,5,2,3,5,5,3
"769",7430914,18,"female",0,3,1,5,5,2,3
"770",7431207,24,"male",0,4,2,2,4,5,1
"771",7435182,19,"female",0,3,2,2,4,4,3
"772",7435270,18,"female",1,4,3,5,3,2,3
"773",7436847,19,"female",0,3,1,5,4,4,2
"774",7436881,49,"female",1,1,4,4,1,3,3
"775",7437558,18,"female",0,5,1,1,5,5,1
"776",7437782,20,"female",1,5,4,4,4,5,2
"777",7438089,18,"female",0,4,4,3,3,4,4
"778",7440002,18,"female",1,2,1,4,2,4,2
"779",7440119,18,"female",1,2,3,4,3,3,3
"780",7440263,18,"female",1,4,2,3,3,4,4
"781",7440424,18,"female",1,4,2,4,3,5,3
"782",7440744,19,"female",0,2,5,1,3,3,5
"783",7441079,18,"female",1,2,2,4,4,2,4
"784",7444184,18,"female",1,1,1,5,3,2,3
"785",7446584,18,"female",0,3,4,4,2,2,3
"786",7447123,18,"female",0,2,1,2,3,5,4
"787",7451743,18,"female",1,4,2,4,4,4,5
"788",7452365,18,"male",0,2,3,3,3,4,3
"789",7453912,18,"male",1,4,2,3,4,3,4
"790",7454471,18,"female",1,4,2,4,4,3,2
"791",7454639,25,"female",1,4,1,2,2,4,2
"792",7455148,26,"female",1,3,1,4,2,2,2
"793",7457027,19,"female",1,2,2,4,3,3,3
"794",7457776,19,"female",0,4,4,4,2,3,3
"795",7461792,20,"female",1,2,2,2,2,3,1
"796",7462061,18,"female",1,4,2,3,4,4,3
"797",7466928,18,"female",1,2,5,5,2,2,5
"798",7467179,18,"female",1,2,3,3,3,4,2
"799",7467437,21,"male",1,4,2,1,4,3,2
"800",7467549,18,"male",0,3,2,4,3,4,3
"801",7412374,18,"female",0,4,4,4,2,1,3
"802",7471726,18,"female",1,2,1,3,3,5,4
"803",7472090,18,"male",0,5,5,1,3,5,1
"804",7504352,22,"female",1,4,2,4,4,4,2
"805",7505006,18,"female",1,3,2,4,4,4,2
"806",7507167,21,"female",1,3,2,4,4,4,2
"807",7509474,18,"female",1,4,2,4,4,4,2
"808",7510347,19,"female",1,3,2,4,4,1,3
"809",7510754,19,"female",1,4,1,1,5,5,5
"810",7511091,18,"female",1,3,4,4,1,5,3
"811",7413281,22,"female",1,4,5,2,4,4,2
"812",7531984,21,"female",0,2,2,2,2,2,2
"813",7540663,18,"female",0,2,5,4,3,4,1
"814",7541473,19,"female",0,3,4,5,5,3,1
"815",7544765,18,"female",1,3,2,2,4,2,2
"816",7544863,18,"male",1,1,1,4,1,3,5
"817",7545464,18,"female",0,2,3,4,2,3,4
"818",7549820,19,"female",0,4,3,4,4,5,4
"819",7551921,18,"female",1,4,2,5,2,3,2
"820",7415209,21,"female",0,3,2,2,4,3,2
"821",7553842,18,"female",1,3,4,4,4,4,3
"822",7553920,19,"male",1,4,2,4,3,4,2
"823",7554054,20,"female",1,3,4,4,2,3,2
"824",7554356,18,"female",1,2,2,2,3,3,1
"825",7556599,19,"male",1,4,2,3,3,3,1
"826",7558191,18,"male",0,4,2,2,4,4,2
"827",7558229,20,"female",1,3,2,2,5,5,2
"828",7558476,21,"female",1,1,3,4,3,4,2
"829",7558628,27,"female",0,2,2,2,4,4,3
"830",7415526,18,"female",1,4,1,3,4,4,2
"831",7501983,19,"female",1,3,4,4,3,2,4
"832",7420163,18,"female",1,4,2,3,5,4,2
"833",7558910,18,"male",0,2,4,4,3,3,4
"834",7459466,21,"male",1,4,1,4,3,4,2
"835",7444525,18,"female",1,2,2,2,4,4,3
"836",7434841,18,"male",0,4,1,1,5,5,1
"837",7609132,18,"female",1,2,2,2,4,2,3
"838",7460306,18,"female",1,2,2,2,4,5,2
"839",7425623,19,"male",0,4,3,5,5,3,3
"840",7558868,NA,NA,0,NA,NA,NA,NA,NA,NA
"841",7452008,18,"male",1,NA,NA,NA,NA,NA,NA
"842",7552072,18,"female",1,2,2,3,4,4,3
"843",7571058,19,"male",1,4,1,4,3,2,3
"844",7612291,18,"female",1,3,3,4,3,4,4
"845",7581303,20,"female",1,3,1,2,4,5,3
"846",7552327,21,"female",0,3,3,4,2,3,3
"847",681116,18,"male",0,4,3,4,4,3,4
"848",681154,NA,"female",1,3,2,2,4,4,3
"849",682545,NA,"male",1,3,3,3,3,4,4
"850",682559,21,"female",1,3,2,3,4,4,3
"851",682557,22,"female",1,1,2,4,4,2,2
"852",682556,19,"male",1,4,2,4,4,4,2
"853",682558,18,"female",0,4,3,2,3,4,4
"854",682973,18,"female",1,4,4,4,4,4,2
"855",682974,19,"male",0,2,4,3,4,2,1
"856",682971,19,"male",0,3,3,3,4,4,4
"857",682982,19,"female",1,4,4,3,3,3,3
"858",683012,18,"male",1,3,1,4,3,4,3
"859",681157,18,"female",0,1,2,2,4,4,3
"860",683013,18,"male",1,3,1,2,3,3,4
"861",683023,19,"male",1,3,2,2,4,4,4
"862",683022,18,"male",1,4,4,4,4,4,2
"863",683021,20,"female",1,2,4,4,1,2,4
"864",683020,18,"female",0,2,3,4,2,3,3
"865",683032,20,"female",1,3,3,4,3,4,3
"866",683034,18,"female",1,4,1,2,4,4,1
"867",683035,18,"male",0,4,1,5,5,5,4
"868",683031,NA,"male",1,4,1,3,4,5,5
"869",683116,18,"male",1,4,4,2,4,4,2
"870",681159,21,"female",0,3,2,4,2,2,4
"871",683115,18,"male",0,3,4,4,2,2,4
"872",683136,19,"male",0,4,4,2,2,4,3
"873",683137,19,"male",0,4,2,3,4,4,3
"874",683150,18,"female",1,2,4,4,2,3,2
"875",683149,18,"female",1,4,2,4,4,4,2
"876",683151,18,"female",1,2,3,5,2,3,5
"877",683148,NA,"male",0,3,2,4,4,5,2
"878",683163,19,"male",0,NA,NA,NA,NA,NA,NA
"879",683162,19,"male",1,5,2,2,3,5,3
"880",683232,18,"male",1,3,2,3,4,4,2
"881",681175,18,"female",1,2,2,2,2,5,2
"882",683233,19,"male",1,4,2,4,3,5,2
"883",683235,22,"male",1,2,4,4,3,2,2
"884",683234,18,"male",0,4,2,2,3,3,4
"885",683250,19,"male",0,4,1,2,5,5,2
"886",683253,19,"male",0,3,4,4,4,4,4
"887",683263,20,"female",0,4,2,3,2,4,2
"888",683261,NA,"male",1,4,5,4,4,4,3
"889",683262,19,"male",1,4,2,5,2,4,4
"890",681188,NA,"female",0,1,4,3,3,2,3
"891",683274,18,"male",1,3,3,4,3,3,2
"892",683290,19,"male",0,1,4,4,3,4,3
"893",683310,18,"male",0,3,2,3,4,4,4
"894",683298,19,"male",1,1,5,5,1,3,5
"895",683307,19,"male",1,3,2,3,3,5,2
"896",683308,18,"male",0,4,2,3,4,4,2
"897",683369,19,"female",0,3,3,5,1,4,2
"898",683370,18,"female",1,4,2,4,4,2,2
"899",683371,18,"female",1,3,2,4,4,4,2
"900",683387,19,"male",1,3,5,1,3,5,1
"901",681194,18,"female",0,1,4,2,3,2,4
"902",683388,18,"male",1,3,1,4,4,5,2
"903",683389,18,"female",1,3,2,4,4,4,2
"904",683390,19,"female",0,3,4,4,4,4,2
"905",683419,18,"female",1,4,2,1,5,5,1
"906",683423,19,"male",1,2,2,4,1,1,5
"907",683422,18,"female",1,2,4,4,2,3,4
"908",683443,18,"female",0,3,4,4,4,2,4
"909",683444,19,"female",0,5,5,3,3,3,1
"910",681285,18,"male",1,3,2,4,4,4,3
"911",681287,18,"female",1,3,3,4,4,4,4
"912",681286,18,"female",1,3,2,4,3,4,2
"913",681297,18,"male",1,2,2,4,3,3,4
"914",681114,19,"female",0,5,2,5,3,5,5
"915",681299,18,"female",1,3,2,3,3,4,1
"916",681323,18,"female",0,4,2,2,3,4,3
"917",681325,19,"male",0,1,4,4,4,3,4
"918",681324,18,"female",0,5,2,2,4,4,2
"919",681337,19,"female",0,3,4,5,5,5,5
"920",681335,18,"male",1,2,4,4,2,3,4
"921",681336,NA,"male",0,4,2,2,4,4,2
"922",681340,18,"male",1,4,3,4,4,4,2
"923",681341,19,"male",0,2,3,4,3,5,4
"924",681339,19,"female",0,2,2,2,4,3,2
"925",681115,19,"female",1,3,2,4,3,3,2
"926",681345,21,"female",0,2,1,3,3,4,2
"927",681344,18,"male",1,4,2,5,4,4,4
"928",681763,19,"male",0,4,1,4,4,4,2
"929",681764,19,"male",1,2,3,4,2,3,4
"930",681765,18,"female",1,2,2,4,3,4,4
"931",681762,19,"male",1,3,4,4,3,4,2
"932",681772,18,"female",1,4,3,4,2,4,2
"933",681773,19,"male",0,3,4,3,3,3,3
"934",681774,18,"male",0,3,2,3,3,4,2
"935",681783,19,"male",1,2,2,4,3,4,3
"936",681133,18,"male",0,2,4,4,2,2,3
"937",681785,19,"female",0,5,2,2,5,4,4
"938",681784,19,"female",0,4,1,5,5,2,1
"939",681789,18,"male",1,3,4,2,4,3,4
"940",681787,19,"female",0,4,4,3,4,4,3
"941",681788,19,"male",0,2,4,5,2,3,5
"942",681873,19,"male",0,2,2,4,3,4,2
"943",681875,19,"male",1,2,2,4,2,2,2
"944",681874,19,"female",1,3,3,2,4,3,3
"945",681899,18,"female",1,2,3,4,4,3,3
"946",681893,18,"female",1,1,2,4,2,2,4
"947",681135,18,"male",1,3,4,4,3,4,2
"948",681896,18,"female",0,3,2,4,3,4,2
"949",681912,18,"female",0,1,3,4,2,2,4
"950",681918,18,"male",0,3,2,1,5,5,1
"951",681916,18,"male",0,1,3,4,3,5,4
"952",681914,19,"male",1,3,2,4,3,4,2
"953",681922,18,"male",0,4,1,1,5,5,2
"954",681926,19,"female",1,1,3,5,2,2,2
"955",681924,18,"female",1,3,5,5,2,4,4
"956",681941,18,"female",0,NA,NA,NA,NA,NA,NA
"957",681940,18,"male",1,4,2,4,4,3,5
"958",681143,18,"female",1,4,2,3,3,3,2
"959",681939,18,"female",0,2,3,3,3,3,3
"960",681937,18,"male",0,3,2,3,4,4,3
"961",681948,20,"female",1,2,2,4,2,4,2
"962",681949,18,"male",0,3,2,5,3,2,4
"963",682031,18,"female",0,3,3,4,3,2,4
"964",682032,19,"female",1,2,3,4,3,3,4
"965",682075,18,"male",0,2,4,2,4,4,2
"966",682076,18,"male",0,3,3,2,4,3,4
"967",682085,20,"male",0,3,2,3,1,4,3
"968",682082,18,"female",1,2,2,4,1,2,4
"969",681140,18,"male",1,1,4,5,2,2,2
"970",682083,21,"male",1,2,2,4,3,4,2
"971",682084,18,"female",1,3,2,3,2,4,3
"972",682091,18,"female",1,3,2,2,3,5,5
"973",682093,19,"male",0,1,3,4,2,2,3
"974",682092,18,"male",0,3,2,4,4,4,3
"975",682090,19,"male",1,4,2,4,4,4,2
"976",682325,20,"male",1,4,2,2,4,4,3
"977",682345,18,"female",1,2,4,3,2,2,2
"978",682344,18,"male",1,4,3,3,2,4,4
"979",682347,18,"male",1,3,1,2,5,5,4
"980",681152,18,"female",1,1,3,4,2,2,3
"981",682370,18,"female",0,3,3,2,3,3,3
"982",682367,18,"male",1,2,2,4,4,3,3
"983",682366,33,"female",1,2,2,3,4,4,2
"984",682378,18,"female",0,3,3,2,4,4,3
"985",682376,20,"female",0,1,4,4,2,2,4
"986",682379,18,"female",1,2,4,5,2,3,2
"987",682393,18,"female",0,4,3,4,2,4,2
"988",682394,18,"male",1,4,3,4,2,4,4
"989",682391,19,"female",1,3,2,4,3,4,5
"990",682398,18,"male",0,3,4,4,4,3,3
"991",681149,19,"female",0,3,3,3,3,4,2
"992",682396,19,"female",0,1,1,1,1,1,3
"993",682477,18,"male",1,3,3,3,3,3,3
"994",682479,18,"male",0,3,2,4,4,4,5
"995",682478,22,"male",1,4,1,2,4,5,3
"996",682537,18,"male",0,4,1,5,5,4,2
"997",682536,18,"male",1,3,1,1,4,4,2
"998",682535,19,"male",0,2,4,3,5,5,3
"999",682542,19,"female",1,3,2,4,3,3,3
"1000",682548,19,"male",1,3,1,4,4,5,1
"1001",682543,18,"male",1,2,4,3,2,3,3
"1002",683248,18,"male",0,4,4,4,4,3,4
"1003",682999,NA,NA,0,NA,NA,NA,NA,NA,NA
"1004",683247,19,"female",1,4,2,3,2,5,2
"1005",7605911,19,"female",1,3,2,2,3,4,2
"1006",7606042,18,"female",0,3,3,3,3,3,3
"1007",7606252,18,"male",1,4,2,2,4,4,2
"1008",7606385,18,"female",0,3,2,4,4,4,2
"1009",7608411,20,"female",1,2,4,4,2,3,2
"1010",7610031,18,"male",1,4,2,2,2,4,4
"1011",7610148,19,"male",1,3,2,3,3,4,4
"1012",7610232,18,"female",1,4,2,2,4,5,2
"1013",7457614,18,"female",0,3,1,1,3,3,2
"1014",7610427,19,"male",1,4,3,4,2,3,4
"1015",7610545,19,"male",0,1,4,4,2,3,4
"1016",7457923,18,"female",1,2,3,3,3,4,2
"1017",7458017,18,"female",1,3,3,4,2,4,2
"1018",7459625,20,"female",0,3,2,3,4,3,3
"1019",7459713,18,"female",1,3,2,4,3,2,3
"1020",7459828,18,"female",0,4,2,2,3,3,2
"1021",7460035,20,"female",0,3,3,3,4,5,1
"1022",7460172,17,"female",1,2,2,2,4,2,2
"1023",7460235,20,"male",1,4,2,4,3,2,2
"1024",7460314,18,"female",1,5,3,4,3,3,5
"1025",7460887,19,"female",1,4,3,4,2,3,5
"1026",7460937,18,"male",1,2,2,2,4,4,2
"1027",7460998,18,"female",0,4,2,2,4,4,3
"1028",7461063,19,"female",1,1,4,3,3,2,4
"1029",7461103,19,"female",1,2,3,3,2,3,3
"1030",7461195,18,"female",1,4,4,4,3,3,4
"1031",7461269,18,"female",0,2,2,4,2,4,2
"1032",7462464,20,"female",1,3,2,4,3,2,3
"1033",7462550,18,"female",1,2,1,4,3,2,2
"1034",7462677,19,"female",1,4,2,5,3,4,2
"1035",7463084,18,"female",1,2,2,3,4,5,3
"1036",7466393,18,"male",1,4,2,1,4,4,1
"1037",7466531,19,"female",1,1,3,3,2,3,2
"1038",7466745,18,"male",1,4,1,2,4,3,2
"1039",7466944,18,"female",1,3,4,2,3,2,2
"1040",7467323,18,"female",0,3,2,4,3,4,5
"1041",7467457,18,"female",1,3,2,2,3,3,2
"1042",7467543,18,"female",1,2,4,3,3,3,4
"1043",7469567,19,"female",1,3,2,4,3,4,2
"1044",7469714,18,"female",1,4,2,4,3,2,2
"1045",7469793,18,"female",1,3,2,4,3,4,2
"1046",7470913,18,"female",1,3,4,4,4,3,2
"1047",7471007,19,"female",1,3,3,4,4,2,3
"1048",7473378,19,"male",1,1,2,3,3,2,2
"1049",7473471,19,"female",1,4,2,4,4,3,2
"1050",7474574,18,"female",1,2,1,3,4,4,1
"1051",7474678,19,"female",1,3,2,3,3,4,3
"1052",7475626,18,"female",1,3,3,4,2,3,2
"1053",7475670,18,"female",1,3,2,2,2,4,2
"1054",7475732,18,"female",1,3,2,2,4,4,2
"1055",7477076,18,"female",0,2,3,4,3,3,3
"1056",7477127,19,"female",1,3,3,4,4,3,2
"1057",7477172,18,"female",0,1,3,3,2,3,4
"1058",7551674,18,"female",1,1,2,4,1,4,3
"1059",7551790,22,"male",1,4,2,2,4,5,2
"1060",7551858,19,"male",1,2,4,1,3,2,1
"1061",7551945,18,"female",1,3,2,3,3,2,2
"1062",7554127,21,"female",1,3,2,3,4,2,2
"1063",7554176,19,"female",1,4,2,3,4,4,2
"1064",7554244,19,"female",0,3,4,3,3,4,4
"1065",7554307,17,"female",0,2,2,2,3,4,3
"1066",7554398,18,"female",1,4,3,2,4,4,1
"1067",7554517,18,"female",1,1,4,5,2,3,4
"1068",7454295,17,"female",1,2,2,3,3,4,2
"1069",7555202,18,"female",1,1,2,3,3,3,3
"1070",7555319,19,"female",1,4,2,3,4,3,2
"1071",7557560,19,"male",0,4,2,2,4,4,2
"1072",7557638,18,"female",1,1,5,2,1,1,5
"1073",7557684,17,"female",1,5,1,1,5,5,1
"1074",7557743,19,"female",1,4,2,4,3,4,2
"1075",7557848,19,"male",1,3,2,4,2,3,3
"1076",7557915,18,"male",1,4,4,5,2,4,5
"1077",7558832,18,"female",1,2,2,3,3,4,2
"1078",7567200,19,"female",1,4,3,4,3,2,2
"1079",7454384,18,"female",1,2,2,3,3,4,2
"1080",7567334,18,"male",1,4,2,3,4,5,2
"1081",7568977,18,"female",1,2,1,1,4,4,2
"1082",7570649,18,"male",1,3,2,4,3,4,3
"1083",7570757,18,"female",1,3,2,4,4,4,2
"1084",7570904,19,"male",1,4,4,4,2,4,3
"1085",7571657,18,"female",1,2,3,3,3,3,3
"1086",7571741,18,"female",0,4,2,2,4,4,2
"1087",7571817,18,"female",0,2,3,2,4,4,2
"1088",7579490,18,"male",1,3,4,4,2,4,3
"1089",7579539,18,"female",1,3,3,4,2,3,2
"1090",7454511,24,"female",1,3,1,4,3,5,4
"1091",7579583,18,"male",0,4,1,3,4,4,1
"1092",7580631,20,"female",0,2,4,4,4,4,3
"1093",7580720,26,"male",0,3,2,3,1,3,3
"1094",7600213,18,"female",0,3,2,2,3,3,3
"1095",7600560,18,"female",1,3,3,4,3,2,2
"1096",7602716,22,"male",1,5,1,3,5,5,2
"1097",7602876,18,"female",1,4,4,4,4,2,2
"1098",7603180,20,"female",1,4,2,4,4,4,2
"1099",7603423,19,"female",1,3,4,3,2,2,4
"1100",7603733,18,"female",0,3,3,4,3,4,3
"1101",7608883,19,"female",1,3,3,3,5,5,2
"1102",7454662,18,"female",1,2,1,2,4,5,1
"1103",7405074,43,"male",1,3,2,4,4,4,2
"1104",7652698,NA,NA,0,2,5,5,5,5,5
"1105",7608698,19,"female",1,3,2,4,2,3,2
"1106",7391552,18,"female",1,3,1,4,3,4,3
"1107",7392714,18,"male",1,4,2,4,4,4,4
"1108",7625268,23,"female",0,1,1,4,1,4,1
"1109",7625274,18,"male",1,3,4,3,2,4,4
"1110",7629775,22,"female",1,4,2,1,4,2,3
"1111",7629868,19,"female",1,3,4,3,2,3,2
"1112",7631097,19,"female",0,3,4,4,4,4,4
"1113",7631318,19,"female",1,3,2,3,3,3,3
"1114",7631316,19,"male",1,4,3,2,4,3,3
"1115",7635103,22,"female",0,4,2,3,4,4,2
"1116",7635119,19,"female",0,3,1,2,3,5,1
"1117",7635253,18,"male",1,2,2,4,2,3,2
"1118",7641672,18,"female",0,2,2,3,2,5,2
"1119",7641660,18,"female",0,1,3,4,3,3,3
"1120",7641820,18,"male",1,3,2,4,2,3,4
"1121",7641927,22,"female",0,3,5,4,3,4,4
"1122",7641989,21,"female",0,1,3,2,3,3,3
"1123",7642406,54,"female",1,3,1,3,3,4,1
"1124",7642571,19,"male",1,3,3,4,3,4,3
"1125",7642791,18,"female",1,2,2,2,4,3,4
"1126",7643008,18,"male",0,3,3,3,4,3,3
"1127",7642928,19,"male",1,3,2,2,4,5,3
"1128",7406350,18,"female",1,5,2,5,2,2,2
"1129",7406351,18,"female",1,3,2,4,3,4,2
"1130",7391599,19,"female",1,2,4,4,1,5,2
"1131",7406487,18,"male",1,3,2,4,3,3,3
"1132",7406640,18,"female",1,5,2,2,3,4,3
"1133",7407412,21,"female",0,4,1,1,3,4,1
"1134",7407615,21,"female",1,3,1,2,4,4,2
"1135",7407646,17,"female",0,4,2,4,4,5,3
"1136",7407732,21,"male",0,3,2,4,2,3,4
"1137",7407915,19,"female",0,3,2,5,5,5,3
"1138",7422676,18,"female",1,2,3,4,4,3,4
"1139",7422686,18,"female",1,2,2,4,2,2,1
"1140",7422758,19,"female",0,3,1,3,3,5,4
"1141",7423117,18,"female",0,4,2,3,5,4,3
"1142",7423335,18,"female",0,3,3,2,3,3,2
"1143",7423356,18,"female",0,4,1,2,4,4,1
"1144",7423432,20,"male",1,2,1,4,2,4,3
"1145",7423454,18,"female",0,4,3,2,3,5,4
"1146",7423574,18,"female",0,3,4,2,4,5,2
"1147",7423642,21,"female",1,1,3,3,3,1,3
"1148",7392215,18,"female",1,3,4,2,1,3,3
"1149",7423665,22,"female",0,3,3,3,3,3,3
"1150",7427759,18,"male",1,3,4,2,3,4,2
"1151",7427800,21,NA,1,3,1,1,2,3,2
"1152",7434594,19.5,"female",0,3,2,4,4,4,3
"1153",7434600,18,"male",0,2,4,2,3,4,3
"1154",7434668,19,"female",0,4,2,3,2,3,3
"1155",7434663,19,"female",1,3,2,3,2,4,2
"1156",7436844,21,"female",0,NA,5,4,3,2,2
"1157",7437014,20,"female",0,4,4,4,2,4,2
"1158",7392329,18,"female",0,3,2,4,4,4,3
"1159",7437001,19,"male",1,4,5,3,5,5,4
"1160",7437120,18,"female",1,2,2,5,4,4,2
"1161",7437123,20,"female",1,2,5,5,1,2,4
"1162",7437184,44,"male",1,3,2,3,3,5,1
"1163",7437194,20,"female",1,3,1,2,4,4,5
"1164",7437254,18,"female",0,2,1,4,4,4,1
"1165",7437696,18,"female",0,4,3,3,4,3,3
"1166",7437724,20,"female",0,3,3,2,4,3,4
"1167",7437807,20,"female",0,3,1,1,3,3,1
"1168",7392407,19,"female",0,2,4,3,4,4,3
"1169",7438080,21,"male",1,2,1,2,2,5,3
"1170",7438097,18,"female",1,4,2,4,3,4,2
"1171",7438220,46,"female",0,3,2,2,2,2,2
"1172",7438247,19,"male",0,2,2,3,2,4,2
"1173",7438383,20,"female",1,3,2,4,4,4,4
"1174",7438428,18,"female",0,3,2,3,2,2,3
"1175",7443448,19,"female",1,3,5,4,3,4,3
"1176",7443534,19,"female",0,4,2,4,3,4,3
"1177",7443575,20,"male",1,3,4,4,1,5,5
"1178",7392428,19,"female",1,3,1,1,4,4,1
"1179",7596584,18,"female",0,3,3,4,4,4,2
"1180",7596590,19,"male",1,NA,4,3,2,4,3
"1181",7596614,18,"male",1,3,4,4,2,3,4
"1182",7596755,18,"male",0,1,4,4,4,4,1
"1183",7392541,18,"male",1,3,2,2,4,4,3
"1184",7596877,19,"male",0,4,5,4,2,3,3
"1185",7423138,18,"female",0,3,2,3,3,4,2
"1186",7603759,18,"female",1,4,3,3,4,3,3
"1187",7423045,19,"female",0,1,1,3,1,2,3
"1188",7603894,18,"female",1,4,2,2,2,5,3
"1189",7611382,30,"female",1,2,2,2,4,3,2
"1190",7625166,18,"female",0,2,4,4,3,3,3
"1191",7406377,21,"female",1,3,3,4,3,4,3
"1192",7406381,18,"female",1,NA,2,4,4,3,2
"1193",7406505,19,"female",0,3,2,4,3,3,3
"1194",7391707,19,"female",0,4,5,2,4,5,3
"1195",7603404,19,"female",1,2,2,2,3,4,2
"1196",7603494,18,"male",0,4,2,4,4,4,4
"1197",7391740,19,"female",1,3,2,4,4,2,2
"1198",7423322,18,"female",1,3,2,2,2,4,4
"1199",7423546,20,"female",0,NA,NA,NA,NA,NA,NA
"1200",7423801,20,"female",0,4,2,5,4,4,3
"1201",7403849,20,"female",1,2,1,2,4,4,2
"1202",7403850,22,"female",1,3,2,3,3,4,3
"1203",7567554,20,"male",1,1,2,2,4,4,2
"1204",7567576,19,"male",1,2,2,3,4,3,4
"1205",7406391,49,"female",0,2,1,4,3,2,3
"1206",7406555,19,"female",0,4,2,2,3,4,2
"1207",7635188,NA,"female",1,3,1,2,4,4,2
"1208",7471446,18,"male",1,3,3,4,2,2,3
"1209",7408011,20,"female",0,1,1,2,3,5,5
"1210",7403772,19,"male",1,4,4,3,2,2,2
"1211",7403785,19,"male",1,4,4,4,1,3,3
"1212",7596751,21,"female",1,2,4,4,2,1,4
"1213",7567784,18,"female",0,3,2,4,4,4,3
"1214",7406639,20,"female",1,3,2,2,3,3,3
"1215",7413346,22,"female",1,NA,4,5,3,4,3
"1216",7413277,39,"female",1,4,1,3,4,4,1
"1217",7437180,19,"female",1,3,1,5,4,4,3
"1218",7443452,17,"female",1,3,2,3,3,4,2
"1219",7567748,19,"female",1,4,2,4,3,4,2
"1220",7603346,22,"female",1,3,2,5,3,4,2
"1221",7413332,26,"female",1,2,2,3,4,4,2
"1222",7603332,18,"female",0,3,4,3,3,4,4
"1223",7425642,19,"female",0,1,2,4,3,3,3
"1224",7440828,21,"male",1,3,2,4,4,4,3
"1225",7556932,18,"female",1,2,4,4,5,3,4
"1226",7556929,19,"female",1,2,2,4,2,5,2
"1227",7556930,18,"female",1,2,3,4,2,4,2
"1228",7557073,18,"female",1,4,5,4,2,5,4
"1229",7570534,18,"male",1,4,1,4,4,5,2
"1230",7570532,18,"female",0,4,2,3,2,2,2
"1231",7570533,19,"female",1,2,3,4,2,4,2
"1232",7570668,19,"female",1,2,3,4,3,3,2
"1233",7440830,19,"female",0,3,1,4,4,3,5
"1234",7570665,18,"female",1,3,2,4,3,2,5
"1235",7570667,19,"female",1,4,1,4,4,5,1
"1236",7570666,19,"female",1,4,2,4,2,4,4
"1237",7572968,18,"female",1,3,2,3,4,4,3
"1238",7573084,18,"male",1,3,4,3,3,4,4
"1239",7573082,18,"female",1,2,3,2,3,3,2
"1240",7573081,18,"female",1,3,2,4,2,4,4
"1241",7608243,19,"female",1,3,1,5,1,3,3
"1242",7440832,18,"female",1,3,2,4,3,4,3
"1243",7608242,18,"female",1,3,4,3,3,4,3
"1244",7608264,19,"male",1,3,2,2,4,4,3
"1245",7608244,18,"male",1,3,4,3,3,4,4
"1246",7608567,18,"female",1,4,3,4,2,3,2
"1247",7608568,31,"male",1,3,2,4,4,4,3
"1248",7612910,18,"female",0,3,2,3,3,4,3
"1249",7612912,35,"female",0,NA,NA,NA,NA,NA,NA
"1250",7613208,18,"female",1,1,3,4,3,2,4
"1251",7613206,19,"male",1,3,3,3,3,3,3
"1252",7441094,18,"female",1,4,1,4,3,4,3
"1253",7613205,18,"female",1,3,3,5,2,3,4
"1254",7613207,18,"female",0,2,2,4,2,2,2
"1255",7636248,22,"female",1,3,2,2,3,4,2
"1256",7636249,18,"female",1,4,3,3,4,2,2
"1257",7636247,19,"male",1,4,1,3,1,3,1
"1258",7636492,21,"female",0,3,2,4,3,4,3
"1259",7636490,21,"female",1,1,2,3,3,4,3
"1260",7636489,22,"female",1,2,4,4,4,4,2
"1261",7441093,18,"female",0,3,2,4,4,4,2
"1262",7441095,18,"female",1,2,2,3,3,4,4
"1263",7444574,18,"female",1,3,2,2,2,4,4
"1264",7444575,18,"female",0,NA,1,3,3,4,3
"1265",7444577,18,"female",1,3,3,4,2,4,3
"1266",7444578,18,"female",1,3,2,3,3,4,2
"1267",7425641,38,"female",1,1,2,3,3,5,2
"1268",7444739,45,"male",1,3,2,3,3,4,3
"1269",7444742,20,"male",1,4,2,2,4,4,2
"1270",7444738,19,"female",1,1,4,3,2,4,3
"1271",7457428,18,"male",0,2,4,3,3,4,4
"1272",7457432,18,"female",1,3,2,4,2,4,2
"1273",7457435,18,"male",1,2,2,4,3,2,3
"1274",7457437,19,"male",1,3,2,4,3,3,3
"1275",7457611,18,"female",1,4,2,4,4,4,2
"1276",7457613,30,"male",1,1,1,4,3,1,1
"1277",7457612,19,"male",0,4,5,4,3,4,4
"1278",7425644,20,NA,0,1,1,5,2,5,1
"1279",7460321,18,"male",1,2,2,4,3,2,2
"1280",7460317,18,"female",1,3,2,4,3,4,2
"1281",7460319,18,"female",1,3,3,4,3,4,3
"1282",7460320,19,"female",1,4,2,4,3,3,2
"1283",7460442,18,"female",1,3,2,3,2,3,3
"1284",7460441,19,"male",1,2,2,2,3,3,4
"1285",7460444,18,"female",1,4,2,3,3,5,2
"1286",7460440,25,"male",1,1,1,4,2,5,4
"1287",7472226,19,"female",1,3,1,4,4,3,2
"1288",7472229,18,"female",1,3,3,4,2,4,3
"1289",7425795,21,"female",1,1,2,4,4,5,1
"1290",7472227,23,"male",1,4,2,4,3,3,2
"1291",7472365,18,"female",1,3,2,4,1,3,4
"1292",7472366,18,"female",1,4,2,3,4,4,2
"1293",7474885,18,"female",1,4,1,4,3,5,5
"1294",7474887,18,"female",1,2,2,4,2,4,4
"1295",7474886,18,"female",1,2,1,3,2,4,2
"1296",7475054,19,"male",1,3,2,5,1,1,5
"1297",7475072,18,"male",1,2,2,3,1,4,4
"1298",7475071,18,"female",1,4,3,4,3,3,3
"1299",7487263,20,"male",1,3,2,3,4,4,3
"1300",7425793,18,"female",0,4,2,3,4,4,2
"1301",7487264,18,"female",1,3,3,3,3,3,1
"1302",7487258,18,"female",1,3,1,2,3,4,2
"1303",7487466,18,"female",0,4,2,3,2,3,5
"1304",7487468,24,"male",0,2,2,4,4,4,3
"1305",7487467,20,"female",0,2,2,2,2,2,2
"1306",7490424,18,"male",1,3,1,2,4,3,2
"1307",7490421,22,"male",1,3,5,4,5,4,4
"1308",7490422,19,"male",1,3,2,4,4,5,2
"1309",7490423,20,"male",0,3,4,2,2,4,1
"1310",7490620,18,"female",1,2,2,4,2,3,2
"1311",7428674,23,"male",1,2,3,4,3,2,4
"1312",7490618,18,"female",1,4,1,4,3,5,2
"1313",7490624,18,"male",0,3,2,3,2,3,3
"1314",7504521,19,"female",0,3,4,4,3,4,3
"1315",7504523,18,"female",1,3,2,2,4,3,3
"1316",7504518,19,"female",1,4,2,3,3,5,2
"1317",7504520,19,"female",1,4,3,2,4,3,1
"1318",7504667,19,"male",1,2,4,3,4,4,2
"1319",7504664,19,"female",1,3,2,1,4,3,1
"1320",7504666,18,"female",1,4,2,3,4,4,2
"1321",7504669,20,"female",0,2,4,4,2,2,4
"1322",7428673,19,"male",1,2,4,4,4,3,2
"1323",7507613,18,"female",1,4,4,4,4,4,2
"1324",7507615,18,"female",0,1,2,4,1,2,2
"1325",7507797,19,"female",1,3,5,2,4,4,3
"1326",7507791,18,"female",0,3,2,4,3,4,3
"1327",7507792,20,"male",1,1,3,4,2,4,3
"1328",7527366,19,"female",1,3,2,4,2,4,1
"1329",7527372,19,"female",1,3,2,3,4,2,2
"1330",7527588,18,"male",1,3,4,4,4,4,4
"1331",7527587,18,"female",0,4,2,3,5,4,1
"1332",7428675,18,"female",0,4,2,4,4,5,1
"1333",7530425,18,"female",1,3,4,4,3,2,3
"1334",7530426,21,"female",1,3,4,3,3,3,2
"1335",7530547,18,"male",1,2,2,5,3,5,4
"1336",7530560,20,"female",1,3,2,4,2,2,3
"1337",7530548,23,"male",1,4,2,2,3,3,2
"1338",7530555,18,"male",1,4,1,4,5,4,2
"1339",7541145,18,"female",1,2,2,3,3,3,2
"1340",7541144,23,"female",0,2,4,3,2,4,2
"1341",7541143,18,"female",1,3,3,5,1,3,3
"1342",7541306,18,"female",1,4,3,4,3,2,3
"1343",7428912,19,"male",1,3,4,4,2,3,3
"1344",7541307,18,"female",0,4,2,4,2,3,3
"1345",7543667,29,"female",1,3,1,2,4,4,1
"1346",7543665,18,"female",1,5,2,4,3,4,2
"1347",7543664,18,"male",1,2,2,3,3,4,2
"1348",7543666,18,"female",1,3,2,5,2,3,2
"1349",7543773,19,"female",0,4,3,2,4,4,3
"1350",7543771,18,"female",1,2,4,5,3,4,3
"1351",7543772,18,"female",1,2,4,4,2,2,4
"1352",7543774,18,"female",1,3,2,4,4,5,2
"1353",7556933,19,"female",0,3,3,3,3,3,3
"1354",7608569,18,"female",1,4,4,4,2,4,3
"1355",7557072,18,"female",0,2,2,4,2,4,2
"1356",7557074,18,"female",1,3,2,3,4,4,3
"1357",7420361,23,"female",0,2,1,3,3,3,3
"1358",7420362,NA,NA,0,NA,NA,NA,NA,NA,NA
"1359",7420472,23,"female",0,2,4,4,4,4,4
"1360",7420473,NA,NA,0,NA,NA,NA,NA,NA,NA
"1361",7420474,NA,NA,0,NA,NA,NA,NA,NA,NA
"1362",7573083,18,"female",1,4,3,4,4,4,3
"1363",7572969,19,"male",0,3,4,3,2,4,3
"1364",7604602,18,"female",0,3,3,2,3,3,4
"1365",7604606,19,"female",0,2,2,3,3,4,3
"1366",7608086,19,"male",0,4,2,4,3,4,2
"1367",7608300,22,"male",1,4,2,3,2,4,5
"1368",7498447,19,"female",0,4,2,4,3,5,2
"1369",7596763,19,"male",0,4,3,3,4,2,3
"1370",7596853,18,NA,0,3,2,2,2,4,2
"1371",7596855,18,"male",0,2,2,3,4,4,3
"1372",7596947,22,"female",1,2,4,5,2,2,4
"1373",7596945,19,"male",0,2,4,5,2,3,4
"1374",7597153,18,"female",0,3,1,4,2,2,3
"1375",7597363,19,"male",1,3,1,1,2,4,4
"1376",7597539,20,"female",0,4,4,4,2,3,4
"1377",7597346,19,"female",0,1,2,4,2,3,4
"1378",7597558,18,"female",1,2,3,5,2,3,4
"1379",7498448,21,"female",1,2,3,4,3,4,2
"1380",7597752,19,"female",0,4,2,2,4,4,2
"1381",7597943,20,"female",0,4,2,4,4,4,4
"1382",7598324,18,"male",1,4,2,2,4,4,2
"1383",7598333,19,"female",0,3,2,4,2,4,4
"1384",7598759,19,"male",0,2,4,4,2,3,3
"1385",7599032,19,"male",0,2,2,2,3,4,2
"1386",7599030,21,"male",1,2,2,2,4,5,2
"1387",7603191,20,"male",1,3,4,4,3,4,3
"1388",7603189,19,"male",1,4,3,4,4,5,2
"1389",7498793,18,"female",0,2,3,3,2,4,3
"1390",7603192,18,"female",1,4,4,2,4,4,4
"1391",7603414,18,"male",1,2,1,3,4,5,2
"1392",7604357,18,"female",0,3,2,3,4,2,2
"1393",7604349,18,"male",0,3,3,4,4,4,3
"1394",7604344,18,"female",1,2,2,2,2,2,2
"1395",7604599,18,"female",0,3,4,4,3,4,4
"1396",7498796,20,"male",1,3,2,3,3,3,4
"1397",7604858,19,"female",0,1,1,4,4,4,2
"1398",7607503,19,"male",1,4,2,4,2,3,3
"1399",7607693,18,"female",1,4,3,4,3,4,4
"1400",7607694,19,"male",0,4,2,4,4,4,2
"1401",7607932,18,"male",1,3,3,4,4,4,4
"1402",7607930,20,"male",1,2,4,4,2,2,2
"1403",7608979,19,"male",1,2,2,2,4,4,5
"1404",7498926,18,"female",1,4,2,2,5,5,4
"1405",7609011,19,"male",1,2,4,4,1,2,4
"1406",7609184,19,"female",1,2,3,3,5,4,3
"1407",7609152,18,"female",1,2,3,5,2,3,3
"1408",7609159,18,"female",1,2,4,4,4,4,4
"1409",7609325,20,"male",1,3,1,1,5,5,2
"1410",7609326,18,"male",1,1,4,5,4,4,2
"1411",7609328,20,"male",1,3,4,4,2,3,3
"1412",7611899,18,"male",0,2,2,3,2,4,4
"1413",7498922,18,"female",1,3,2,3,3,3,3
"1414",7611905,19,"male",1,3,2,3,4,5,2
"1415",7612107,NA,NA,0,3,4,4,5,3,4
"1416",7612305,19,"female",0,2,2,4,3,4,2
"1417",7612308,19,"male",1,2,2,4,4,4,3
"1418",7612241,NA,"male",0,2,3,3,3,3,3
"1419",7612446,18,"female",0,3,2,2,4,5,3
"1420",7612450,18,"female",1,3,4,4,2,3,4
"1421",7612443,19,"female",1,2,4,4,4,4,2
"1422",7612694,20,"male",1,2,4,4,3,3,3
"1423",7612696,20,"male",0,2,2,4,2,3,3
"1424",7499080,19,"female",1,2,2,4,2,4,3
"1425",7612693,20,"female",0,2,2,4,2,3,2
"1426",7612859,19,"male",1,4,1,1,4,4,1
"1427",7612860,20,"female",0,2,4,4,3,3,4
"1428",7612862,20,"female",1,3,1,1,4,4,1
"1429",7613100,20,"female",0,2,2,2,3,4,2
"1430",7613098,19,"female",1,4,1,3,4,4,1
"1431",7613357,18,"female",1,1,1,3,4,4,3
"1432",7613358,19,"male",0,4,2,4,3,3,4
"1433",7613523,19,"male",0,4,2,4,4,4,2
"1434",7613527,21,"male",0,4,1,2,4,4,2
"1435",7499079,18,"female",0,2,4,4,3,4,3
"1436",7616253,21,"male",0,3,2,1,5,5,2
"1437",7616255,19,"male",1,3,2,4,4,4,4
"1438",7616426,18,"female",0,4,4,4,2,2,2
"1439",7616500,18,"male",0,2,2,5,3,4,5
"1440",7616497,18,"female",0,3,2,3,3,4,3
"1441",7616646,19,"female",0,4,3,4,2,4,4
"1442",7616692,18,"male",1,4,2,2,4,4,2
"1443",7616837,18,"male",0,4,3,4,3,4,3
"1444",7616762,18,"female",0,3,2,2,4,4,2
"1445",7499199,18,"female",1,3,1,1,5,3,2
"1446",7616761,18,"female",0,3,2,2,2,2,4
"1447",7616993,19,"male",0,1,2,5,1,4,4
"1448",7616995,18,"female",0,2,2,4,3,4,3
"1449",7616988,18,"male",0,3,3,4,2,4,3
"1450",7617145,18,"female",1,3,3,4,2,2,4
"1451",7617142,19,"male",1,2,4,4,5,4,3
"1452",7617146,19,"female",1,2,3,2,4,5,4
"1453",7499362,18,"female",0,4,1,2,3,4,2
"1454",7499373,19,"female",1,2,3,4,3,2,2
"1455",7499424,18,"male",0,2,4,4,2,4,3
"1456",7499521,18,"female",0,4,3,2,4,4,2
"1457",7499523,19,"male",0,3,4,3,4,4,2
"1458",7499516,18,"male",1,4,3,4,2,4,2
"1459",7501606,18,"male",1,3,4,4,3,4,3
"1460",7501617,19,"female",1,1,3,4,2,2,3
"1461",7501767,20,"male",1,4,2,4,3,4,4
"1462",7501768,19,"male",0,3,2,2,4,4,3
"1463",7501887,19,"female",1,2,3,2,4,4,1
"1464",7501941,18,"female",0,1,4,4,4,4,4
"1465",7502167,18,"female",1,3,2,3,4,4,3
"1466",7502168,18,"female",1,2,4,4,2,4,3
"1467",7502172,18,"male",0,2,2,4,4,4,1
"1468",7502300,18,"male",0,3,5,4,4,3,5
"1469",7502304,19,"male",1,2,2,5,1,1,2
"1470",7502298,18,"male",0,3,2,4,4,4,2
"1471",7502417,19,"female",0,2,2,4,3,4,3
"1472",7502416,18,"female",1,2,1,2,3,4,3
"1473",7503997,18,"female",1,4,2,4,4,4,2
"1474",7503995,18,"female",1,4,1,2,4,4,2
"1475",7503996,19,"female",1,4,2,4,4,4,2
"1476",7504148,19,"female",1,3,4,5,3,4,5
"1477",7504146,19,"female",1,3,2,3,2,4,3
"1478",7504258,18,"female",1,3,4,4,2,2,5
"1479",7504256,18,"male",1,2,2,4,3,4,3
"1480",7504369,18,"female",1,4,4,4,3,4,4
"1481",7504368,18,"female",1,2,3,4,2,3,4
"1482",7504564,18,"female",1,3,4,4,2,4,4
"1483",7504563,19,"female",1,3,4,4,1,4,3
"1484",7504634,21,"female",1,3,1,2,5,5,1
"1485",7504635,18,"male",0,4,1,5,4,5,2
"1486",7504748,18,"male",0,3,4,4,2,2,3
"1487",7504746,18,"female",0,3,3,4,2,3,4
"1488",7504854,18,"female",0,1,1,5,1,4,4
"1489",7504853,19,"male",1,3,2,2,4,4,3
"1490",7504970,18,"female",1,3,2,2,4,3,2
"1491",7505010,18,"female",0,3,1,5,2,3,5
"1492",7504974,19,"female",1,3,1,2,4,5,2
"1493",7505124,19,"female",0,3,4,5,3,2,4
"1494",7505127,19,"female",1,4,1,2,3,5,4
"1495",7505256,19,"female",0,2,2,4,3,4,3
"1496",7505258,18,"female",1,5,1,4,4,5,2
"1497",7506953,18,"female",1,2,3,2,2,2,2
"1498",7507063,19,"female",0,4,2,4,4,4,2
"1499",7507054,18,"female",0,4,2,3,4,4,2
"1500",7507155,20,"female",1,3,3,4,2,4,2
"1501",7507157,18,"female",0,2,4,3,4,2,4
"1502",7498224,18,"female",1,2,3,3,2,2,3
"1503",7507289,18,"female",1,1,4,4,2,4,2
"1504",7507293,18,"male",1,2,3,3,3,4,3
"1505",7507241,19,"female",0,3,1,3,4,3,2
"1506",7507409,18,"female",0,2,4,2,1,1,4
"1507",7507410,18,"male",0,3,2,4,2,3,3
"1508",7507585,19,"female",1,3,2,4,4,3,2
"1509",7507582,18,"female",1,4,2,4,4,4,4
"1510",7507832,20,"female",1,3,3,4,3,3,4
"1511",7507838,20,"female",0,2,4,4,3,4,4
"1512",7507839,19,"female",0,4,4,2,4,4,4
"1513",7498326,18,"female",1,3,2,4,4,4,4
"1514",7508008,20,"female",1,1,3,2,3,1,3
"1515",7508009,18,"female",0,3,3,4,3,4,3
"1516",7508006,19,"female",0,2,4,4,3,5,2
"1517",7508114,19,"male",1,1,4,4,2,2,1
"1518",7508116,18,"female",0,1,4,4,2,2,3
"1519",7508119,18,"female",0,2,1,2,4,4,3
"1520",7509869,21,"female",1,3,2,4,3,2,2
"1521",7510231,18,"male",1,3,4,2,4,4,2
"1522",7510263,18,"male",1,2,3,2,3,2,2
"1523",7510469,19,"female",0,4,2,4,3,3,2
"1524",7498340,18,"female",0,4,2,4,2,2,3
"1525",7510731,19,"female",1,1,3,5,2,2,4
"1526",7510985,18,"female",1,4,4,4,4,4,3
"1527",7510988,18,"female",1,2,3,4,3,3,2
"1528",7511456,18,"male",1,3,2,4,3,4,3
"1529",7511453,19,"female",1,3,4,4,4,2,3
"1530",7511190,18,"female",1,3,1,4,4,5,3
"1531",7511179,18,"female",1,2,1,1,4,5,2
"1532",7596760,21,"male",0,2,4,4,5,2,4
"1533",7616425,19,"male",0,4,3,4,4,3,4
"1534",7609468,20,"male",0,4,4,4,2,2,4
"1535",7603695,18,"male",1,2,3,4,2,2,2
"1536",7603736,18,"male",1,4,2,4,4,5,2
"1537",7607500,19,"female",1,2,3,3,2,2,3
"1538",7505126,18,"female",1,2,4,3,3,4,3
"1539",7609469,19,"female",1,3,2,2,3,5,3
"1540",7510630,21,"female",0,2,2,2,4,2,2
"1541",7616424,18,"female",0,3,3,3,4,4,3
"1542",7473055,21,"male",0,2,4,3,3,2,2
"1543",7613656,18,"female",0,1,5,1,4,4,3
"1544",7613907,21,"female",1,1,2,2,3,4,2
"1545",7625637,19,"male",1,4,1,4,4,4,2
"1546",7625889,18,"female",1,3,3,3,2,4,2
"1547",7626198,19,"female",1,4,2,4,2,4,2
"1548",7631398,20,"female",0,3,2,4,4,4,2
"1549",7631705,25,"male",0,3,3,4,3,4,4
"1550",7631893,21,"female",1,4,2,2,4,4,2
"1551",7632215,19,"female",1,2,4,3,3,4,4
"1552",7632428,19,"female",1,3,4,4,1,1,2
"1553",7632611,22,"male",0,3,5,2,2,5,2
"1554",7632794,23,"male",0,3,3,4,2,3,4
"1555",7637520,19,"female",1,1,3,4,4,4,2
"1556",7637667,19,"male",1,3,1,4,3,4,2
"1557",7637819,19,"male",1,3,2,4,4,4,5
"1558",7637964,19,"female",0,2,2,4,2,4,3
"1559",7643628,21,"female",1,3,2,2,4,4,2
"1560",7643907,19,"female",1,2,4,4,2,2,4
"1561",7474811,50,"female",1,3,3,4,3,3,2
"1562",7643999,18,"female",1,3,2,3,3,NA,3
"1563",7474984,18,"female",1,2,2,4,3,4,2
"1564",7475266,18,"female",0,3,4,3,2,2,4
"1565",7475330,19,"female",1,3,2,2,4,4,2
"1566",7475396,18,"female",1,4,2,3,4,5,2
"1567",7481757,19,"female",1,2,2,4,4,2,2
"1568",7481830,19,"female",1,3,2,5,2,3,2
"1569",7481909,20,"female",0,2,2,2,4,3,2
"1570",7481974,19,"female",1,4,4,5,4,2,4
"1571",7483609,20,"female",1,3,3,4,2,3,3
"1572",7483649,20,"female",1,3,4,4,2,2,4
"1573",7581388,NA,"male",0,2,4,4,3,3,4
"1574",7483903,19,"male",0,2,3,3,3,3,4
"1575",7484079,19,"female",1,2,2,2,4,4,2
"1576",7484148,18,"female",1,4,2,2,3,5,3
"1577",7484227,18,"female",0,3,4,4,4,2,2
"1578",7484309,20,"female",1,5,2,4,2,1,2
"1579",7484390,26,"male",1,4,1,2,4,5,2
"1580",7488050,20,"female",0,3,2,2,4,4,4
"1581",7488107,22,"female",1,2,1,4,3,4,2
"1582",7488201,31,"female",1,2,4,2,4,1,2
"1583",7488262,20,"female",1,2,3,5,2,3,2
"1584",7490411,18,"male",0,4,2,3,4,3,3
"1585",7490464,19,"female",1,4,3,3,3,4,2
"1586",7490654,19,"male",1,4,3,4,3,3,4
"1587",7490793,20,"female",1,5,1,5,5,3,3
"1588",7490879,21,"male",0,2,3,3,2,4,3
"1589",7490998,19,"female",0,4,2,2,4,4,1
"1590",7491084,24,"female",0,4,3,4,3,4,4
"1591",7499669,23,"male",0,2,2,4,2,4,2
"1592",7499776,20,"female",1,4,2,4,2,3,2
"1593",7499834,19,"female",1,4,2,3,4,4,2
"1594",7499906,18,"female",1,2,4,5,3,5,3
"1595",7502430,19,"male",1,4,2,3,4,4,2
"1596",7502705,20,"male",0,2,1,2,4,4,3
"1597",7505175,20,"female",1,2,4,3,2,2,4
"1598",7505273,20,"female",1,1,4,5,2,2,1
"1599",7505336,18,"male",0,3,2,4,4,4,5
"1600",7505399,20,"female",1,3,1,3,3,4,5
"1601",7507287,19,"male",1,3,4,4,5,5,1
"1602",7507388,18,"female",1,2,3,4,3,3,3
"1603",7507577,19,"female",1,2,3,4,3,4,3
"1604",7507680,19,"female",1,3,2,4,3,3,2
"1605",7507913,20,"male",1,3,2,4,2,1,2
"1606",7528212,19,"female",0,2,5,3,2,5,2
"1607",7528314,18,"female",1,3,4,4,3,3,2
"1608",7528382,21,"male",0,3,4,5,3,4,5
"1609",7528457,21,"female",1,4,3,4,2,3,1
"1610",7554782,19,"female",1,2,2,4,2,5,4
"1611",7554936,18,"female",1,3,2,4,2,4,2
"1612",7554999,21,"female",0,4,2,2,2,3,3
"1613",7555047,21,"female",1,3,1,3,4,3,1
"1614",7556988,23,"female",0,4,1,3,4,4,2
"1615",7557045,22,"female",0,4,2,3,2,2,2
"1616",7557109,19,"female",1,4,2,3,3,4,3
"1617",7557158,20,"female",1,2,3,5,2,4,2
"1618",7557265,19,"male",1,3,2,4,4,4,4
"1619",7557309,18,"female",0,3,2,2,2,4,3
"1620",7572963,19,"female",1,4,2,4,3,4,3
"1621",7573089,21,"female",0,2,2,4,3,4,3
"1622",7573198,NA,"male",0,4,2,2,4,4,4
"1623",7573315,22,"female",1,3,4,2,3,4,3
"1624",7573373,19,"female",1,3,4,3,2,3,2
"1625",7573410,20,"male",0,2,3,2,3,3,2
"1626",7573485,21,"female",1,2,2,4,3,4,4
"1627",7579355,NA,"female",1,3,2,4,3,3,3
"1628",7581308,19,"female",1,4,2,4,4,5,2
"1629",7581468,19,"male",0,1,4,4,3,4,2
"1630",7581527,21,"male",1,4,2,2,4,5,1
"1631",7581626,19,"female",1,3,3,4,2,4,2
"1632",7581681,19,"female",1,3,2,3,4,3,4
"1633",7581819,19,"female",0,3,2,4,4,3,3
"1634",7581885,21,"female",1,2,4,5,1,3,2
"1635",7605054,21,"female",1,2,2,4,2,4,4
"1636",7467918,18,"female",1,3,2,4,4,4,2
"1637",7483990,18,"female",1,4,1,3,3,4,2
"1638",7605151,18,"female",0,2,3,4,3,2,2
"1639",7605269,18,"female",1,4,3,4,2,2,4
"1640",7609447,18,"male",1,3,2,5,3,4,4
"1641",7612974,20,"male",0,4,2,4,3,3,2
"1642",7613132,19,"male",1,3,3,3,3,4,4
"1643",7613291,20,"male",1,3,5,5,4,4,4
"1644",7613398,21,"female",1,4,3,4,3,3,2
"1645",7470332,21,"female",1,3,2,3,4,4,3
"1646",7467991,20,"female",0,3,2,3,3,4,3
"1647",7467833,20,"female",0,2,2,2,3,4,4
"1648",7472908,20,"female",1,4,2,2,2,4,2
"1649",7470231,19,"female",1,3,2,4,3,3,2
"1650",7470408,19,"female",1,1,4,4,2,1,4
"1651",7470483,18,"female",1,3,1,1,3,3,3
"1652",7475447,NA,NA,1,4,2,4,3,4,2
"1653",7612846,20,"female",1,3,2,4,2,2,3
"1654",7475080,19,"female",0,3,4,4,3,2,3
"1655",7625515,NA,NA,0,NA,NA,NA,NA,NA,NA
"1656",7483723,20,"female",1,3,2,3,2,3,3
"1657",7554872,18,"female",0,2,3,4,3,4,2
"1658",7613786,18,"male",1,3,2,4,3,2,3
"1659",7581766,NA,NA,0,NA,NA,NA,NA,NA,NA
"1660",7472982,21,"female",1,3,3,3,3,2,4
"1661",7481150,23,"female",1,4,1,4,3,3,2
"1662",7527353,18,"male",0,3,5,2,4,4,3
"1663",7527315,21,"male",0,3,4,4,4,4,2
"1664",7527652,19,"female",1,2,3,4,2,4,3
"1665",7527639,18,"female",0,3,3,4,2,2,4
"1666",7530284,20,"female",1,4,2,4,3,4,3
"1667",7530570,22,"female",1,2,5,3,3,4,2
"1668",7530749,20,"female",1,4,2,5,3,4,4
"1669",7530899,18,"female",1,2,1,3,4,5,2
"1670",7532124,19,"female",0,4,1,4,4,4,3
"1671",7481298,21,"female",1,3,2,4,4,4,2
"1672",7532401,18,"female",1,3,2,2,3,3,2
"1673",7535999,21,"female",0,4,1,1,5,3,2
"1674",7536210,19,"female",0,2,5,5,1,1,5
"1675",7536370,19,"male",1,3,1,2,4,5,2
"1676",7536730,21,"female",1,3,1,5,4,2,5
"1677",7536884,19,"female",0,3,4,4,3,3,3
"1678",7538740,19,"female",1,2,2,2,3,4,2
"1679",7538910,18,"male",1,3,4,4,3,4,3
"1680",7481317,18,"female",1,2,3,4,2,4,4
"1681",7539297,19,"female",1,4,2,4,3,4,2
"1682",7539298,18,"female",1,4,2,2,4,4,2
"1683",7539467,19,"female",0,3,4,4,3,3,3
"1684",7539469,20,"female",0,2,3,4,2,4,2
"1685",7541048,19,"female",0,4,4,2,4,4,4
"1686",7541135,18,"male",1,2,2,3,4,4,3
"1687",7541124,18,"female",1,4,2,4,4,4,2
"1688",7541319,18,"female",1,3,2,2,4,4,2
"1689",7541333,NA,"female",1,2,1,1,4,4,3
"1690",7543510,19,"female",1,2,3,5,3,4,3
"1691",7481577,18,"female",1,4,5,3,3,4,2
"1692",7543672,20,"male",1,3,1,3,3,4,3
"1693",7543930,18,"female",1,3,4,4,2,3,2
"1694",7543939,17,"female",1,3,1,2,2,5,2
"1695",7545279,17,"female",1,3,4,4,3,3,2
"1696",7545471,20,"female",1,3,2,4,4,3,2
"1697",7545615,20,"female",1,4,2,3,3,2,2
"1698",7545616,21,"female",1,4,2,3,4,4,3
"1699",7545825,20,"male",1,2,4,3,2,4,3
"1700",7545925,18,"female",0,3,3,3,1,4,4
"1701",7545924,18,"female",1,2,2,3,3,2,3
"1702",7545978,19,"female",0,5,2,4,1,5,4
"1703",7549541,22,"female",1,3,1,2,1,3,5
"1704",7549873,22,"female",0,1,1,1,1,5,1
"1705",7550161,19,"female",1,4,3,4,4,4,3
"1706",7550164,23,"male",1,4,2,4,4,4,3
"1707",7550231,19,"female",1,2,3,3,3,3,3
"1708",7550265,19,"female",1,3,2,4,3,5,2
"1709",7550360,19,"female",1,3,2,3,4,4,3
"1710",7550359,21,"female",1,3,4,3,3,4,4
"1711",7550481,18,"female",1,4,3,4,2,3,4
"1712",7550482,22,"female",1,4,2,4,4,4,2
"1713",7554124,20,"male",0,NA,NA,NA,NA,NA,NA
"1714",7554254,18,"female",1,3,2,2,4,3,2
"1715",7556798,19,"female",1,4,2,3,2,4,3
"1716",7557203,18,"female",0,4,4,4,2,4,4
"1717",7557222,18,"female",1,4,2,3,4,5,2
"1718",7557319,19,"female",0,4,1,2,3,3,3
"1719",7482021,20,"female",0,2,3,4,3,3,4
"1720",7557399,19,"female",1,4,1,2,5,5,3
"1721",7558633,22,"female",0,4,2,2,4,4,2
"1722",7558635,18,"female",1,2,2,2,4,3,2
"1723",7558775,22,"male",0,3,2,2,2,4,4
"1724",7558776,20,"female",1,3,2,3,3,3,3
"1725",7558904,24,"female",0,3,2,3,4,3,2
"1726",7559109,18,"female",0,3,4,4,3,4,2
"1727",7559107,18,"female",1,2,2,3,3,4,4
"1728",7559363,-2,"male",0,4,1,1,5,5,2
"1729",7559366,19,"female",1,3,2,3,3,5,3
"1730",7482039,24,"female",0,3,2,1,4,4,2
"1731",7559494,20,"female",1,3,5,4,2,2,4
"1732",7559566,20,"female",0,5,1,2,4,5,2
"1733",7562903,21,"female",0,3,2,3,2,4,4
"1734",7562913,18,"female",1,5,2,4,2,4,1
"1735",7563016,18,"female",0,2,4,4,3,3,4
"1736",7563017,25,"female",1,3,2,3,2,3,3
"1737",7563192,20,"male",1,3,2,2,4,3,3
"1738",7563193,19,"female",0,3,1,2,5,5,4
"1739",7563668,21,"male",1,3,2,4,3,3,3
"1740",7563783,18,"female",1,2,3,4,3,3,3
"1741",7483590,18,"female",1,3,1,3,3,4,3
"1742",7563784,20,"female",0,4,2,4,3,1,1
"1743",7563875,19,"female",1,3,2,4,2,2,2
"1744",7563874,18,"female",1,3,4,3,3,4,4
"1745",7564112,19,"female",0,4,2,4,3,4,2
"1746",7567381,18,"female",1,3,3,3,3,4,3
"1747",7567597,21,"female",1,3,2,3,2,3,2
"1748",7567839,19,"male",1,2,2,3,4,4,2
"1749",7568258,18,"female",0,3,2,4,2,3,3
"1750",7568471,22,"male",1,5,2,2,3,4,3
"1751",7568473,26,"male",1,4,1,3,4,5,2
"1752",7568615,19,"male",0,3,4,4,4,4,2
"1753",7568616,21,"male",0,3,4,3,4,4,3
"1754",7570403,19,"female",0,4,1,4,4,4,4
"1755",7570585,18,"female",0,3,4,5,4,5,5
"1756",7570703,18,"female",1,4,3,3,2,3,4
"1757",7570704,18,"female",0,4,2,4,1,1,1
"1758",7572849,18,"male",1,4,3,2,4,2,2
"1759",7573248,19,"male",1,2,2,4,2,4,3
"1760",7573249,21,"female",0,3,1,3,2,4,3
"1761",7573357,22,"female",1,2,2,4,4,4,1
"1762",7483896,18,"female",1,3,4,2,2,4,3
"1763",7573466,19,"male",1,4,2,3,3,2,3
"1764",7574442,42,"female",0,1,1,1,4,4,2
"1765",7574439,18,"female",1,3,3,2,4,4,3
"1766",7574548,18,"male",1,3,2,4,4,4,2
"1767",7574579,19,"female",0,4,2,3,3,3,3
"1768",7574757,21,"female",1,3,2,3,3,2,2
"1769",7574897,19,"male",1,4,2,4,2,2,2
"1770",7574956,18,"female",1,3,3,4,4,5,2
"1771",7574959,18,"male",1,3,2,4,2,3,2
"1772",7484199,19,"female",1,3,2,3,2,4,3
"1773",7575010,19,"female",0,4,2,4,3,3,2
"1774",7578597,18,"female",1,4,5,2,3,4,3
"1775",7578592,18,"female",1,3,2,2,4,4,2
"1776",7578672,22,"male",0,3,4,3,3,3,2
"1777",7578671,19,"male",0,3,4,2,3,3,2
"1778",7578802,19,"female",1,3,2,4,4,2,3
"1779",7578801,19,"female",1,4,2,2,3,3,2
"1780",7579044,20,"male",1,1,4,4,4,3,3
"1781",7579134,19,"female",1,4,3,3,2,3,2
"1782",7579135,20,"male",1,3,2,3,4,3,2
"1783",7484203,19,"female",1,4,2,4,4,4,2
"1784",7579256,24,"male",0,2,2,3,3,4,3
"1785",7579356,18,"male",1,2,4,5,2,2,5
"1786",7579358,18,"male",1,3,2,2,3,5,4
"1787",7580846,19,"female",0,4,2,2,2,2,2
"1788",7581199,19,"male",1,2,2,2,4,4,3
"1789",7581581,18,"male",1,3,2,4,4,4,3
"1790",7581582,18,"female",1,1,4,4,2,3,4
"1791",7581695,19,"female",1,3,1,4,4,5,2
"1792",7581836,19,"male",1,3,2,4,3,4,3
"1793",7484346,24,"male",1,3,1,4,4,1,4
"1794",7603434,19,"male",0,4,2,4,4,4,3
"1795",7603806,21,"male",1,4,2,3,4,4,4
"1796",7604164,19,"male",1,3,2,4,2,3,2
"1797",7604951,18,"female",0,4,2,2,4,4,4
"1798",7604953,20,"female",1,4,2,4,4,5,2
"1799",7605233,21,"male",1,2,2,4,3,3,3
"1800",7605236,20,"female",0,3,2,4,4,3,4
"1801",7605478,21,"female",1,4,3,4,2,2,3
"1802",7605464,22,"male",0,3,1,4,4,4,1
"1803",7608032,19,"female",1,4,1,1,4,5,3
"1804",7484356,18,"male",1,4,2,4,3,4,2
"1805",7608198,18,"female",0,3,5,1,3,3,1
"1806",7608276,20,"female",1,3,2,3,3,4,2
"1807",7608659,18,"male",1,4,2,3,3,4,3
"1808",7612699,18,"male",0,4,4,4,3,2,2
"1809",7612968,21,"male",1,2,4,4,4,2,3
"1810",7613232,19,"male",1,3,3,4,2,1,4
"1811",7613491,18,"male",1,4,1,1,5,3,2
"1812",7613489,18,"female",0,3,2,3,3,3,4
"1813",7613766,18,"female",0,1,1,1,4,3,3
"1814",7613904,18,"male",1,2,3,5,1,3,2
"1815",7484483,19,"male",0,2,2,3,2,4,3
"1816",7487055,21,"female",1,3,2,4,3,4,2
"1817",7487268,19,"female",1,4,3,4,3,4,3
"1818",7487591,22,"male",1,3,1,2,2,5,1
"1819",7490278,19,"female",0,4,1,3,4,5,4
"1820",7490460,19,"female",0,3,2,3,3,3,3
"1821",7490555,21,"male",1,2,2,4,4,2,2
"1822",7490755,23,"female",0,3,2,3,3,3,3
"1823",7490923,20,"female",1,3,4,4,3,2,2
"1824",7492549,18,"male",1,1,4,3,2,4,4
"1825",7492539,19,"female",0,3,1,2,4,5,3
"1826",7492626,22,"female",1,2,2,3,2,4,2
"1827",7492729,18,"female",1,4,4,4,3,3,3
"1828",7492840,25,"male",0,4,2,2,4,4,2
"1829",7498569,21,"female",1,2,2,4,4,4,2
"1830",7498676,18,"female",1,3,1,4,4,4,4
"1831",7498802,21,"male",1,3,5,4,4,5,4
"1832",7498803,23,"male",1,4,1,2,3,5,3
"1833",7499073,20,"female",1,3,3,4,4,4,3
"1834",7499076,22,"female",1,2,2,4,3,4,4
"1835",7499507,20,"male",0,4,2,3,4,4,4
"1836",7499672,20,"female",0,3,2,2,4,4,2
"1837",7499794,22,"female",0,3,1,1,4,4,1
"1838",7499933,19,NA,1,NA,2,5,2,2,3
"1839",7499938,18,"female",1,2,3,4,3,4,2
"1840",7501754,18,"female",0,4,2,3,2,3,2
"1841",7501944,19,"female",0,5,2,2,3,3,2
"1842",7502060,18,"male",1,4,2,2,3,4,4
"1843",7502462,18,"female",0,3,3,4,4,3,3
"1844",7502694,20,"female",0,2,3,3,3,3,3
"1845",7502677,18,"female",1,3,2,3,3,4,3
"1846",7502786,19,"male",1,4,2,3,3,4,2
"1847",7502856,19,"male",1,5,3,4,4,4,3
"1848",7504325,20,"male",1,3,1,3,3,5,1
"1849",7504528,20,"female",1,2,3,4,1,3,1
"1850",7504501,18,"female",1,3,4,5,3,5,4
"1851",7504648,21,"male",0,3,2,2,3,4,4
"1852",7504702,19,"female",0,4,2,5,4,5,3
"1853",7507368,22,"female",1,4,2,4,3,4,3
"1854",7481020,22,"male",1,3,3,2,4,4,2
"1855",7507563,19,"female",0,3,2,2,4,4,2
"1856",7507850,19,"male",0,3,3,2,4,4,3
"1857",7508066,18,"male",0,3,4,4,4,4,4
"1858",7508058,20,"male",0,2,2,4,3,4,2
"1859",7508195,19,"female",0,2,2,2,4,4,1
"1860",7508329,20,"male",1,2,2,4,4,4,5
"1861",7510463,18,"male",1,4,2,3,3,3,2
"1862",7510471,22,"male",0,3,4,4,4,4,2
"1863",7510758,19,"female",0,3,4,3,1,3,4
"1864",7510753,19,"female",0,3,1,1,4,4,2
"1865",7481053,18,"female",1,4,1,3,4,4,1
"1866",7511043,25,"male",0,2,1,1,2,4,2
"1867",7511458,18,"female",1,2,2,2,3,3,2
"1868",7518862,19,"female",0,3,4,4,1,1,2
"1869",7518887,21,"male",1,2,2,5,3,4,1
"1870",7519056,19,"male",1,3,2,4,3,5,2
"1871",7519058,18,"female",1,4,2,4,4,4,4
"1872",7519236,22,"female",1,3,5,2,3,3,2
"1873",7499795,18,"male",0,4,4,4,3,4,3
"1874",7574898,19,"male",0,4,3,2,4,4,3
"1875",7519235,18,"female",0,3,4,2,3,2,4
"1876",7519908,17,"female",0,4,2,4,2,4,2
"1877",7481148,23,"male",1,3,3,3,4,5,3
"1878",7520084,24,"female",0,NA,3,2,2,NA,NA
"1879",7520241,19,"female",1,3,2,4,4,4,2
"1880",7520243,19,"female",1,3,3,3,1,1,3
"1881",7522441,19,"female",1,2,3,5,2,5,3
"1882",7522783,19,"female",1,5,3,4,2,2,4
"1883",7523894,18,"female",1,3,1,1,5,5,2
"1884",7524382,20,"female",0,1,3,4,3,3,3
"1885",7524603,19,"female",1,2,5,2,4,5,5
"1886",7524600,21,"female",1,3,2,4,3,4,3
"1887",7527207,22,"female",1,3,2,2,4,4,3
"1888",7487457,19,"male",1,NA,2,4,4,4,NA
"1889",7490825,18,"female",0,3,2,3,3,5,3
"1890",7491064,21,"female",1,2,4,4,2,3,3
"1891",7559496,NA,NA,0,NA,NA,NA,NA,NA,NA
"1892",7483665,NA,NA,1,NA,NA,NA,NA,NA,NA
"1893",7532234,NA,NA,0,NA,NA,NA,NA,NA,NA
"1894",7499685,20,"male",1,2,4,4,2,2,4
"1895",7581693,19,"male",0,4,1,3,3,4,2
"1896",7481777,20,"female",0,3,5,5,1,5,2
"1897",7481901,19,"female",1,2,2,2,3,4,3
"1898",7530936,20,"female",1,2,2,3,3,4,3
"1899",7482194,NA,NA,0,1,4,4,4,4,4
"1900",7574919,NA,NA,0,4,1,1,4,4,3
"1901",7574552,NA,NA,0,NA,NA,NA,NA,NA,NA
"1902",7519760,19,"female",0,3,3,4,2,3,2
"1903",7380472,19,"female",1,4,2,4,3,3,2
"1904",7392375,18,"female",1,1,4,4,2,5,4
"1905",7556733,18,"male",0,4,4,2,4,4,2
"1906",7556732,18,"female",1,2,3,4,2,3,4
"1907",7556806,18,"female",1,4,2,3,4,4,3
"1908",7556807,19,"male",0,2,2,3,4,4,2
"1909",7556900,18,"male",1,3,1,3,4,4,2
"1910",7556898,18,"male",1,3,2,4,4,2,2
"1911",7556908,18,"female",0,2,1,1,5,5,2
"1912",7556965,18,"female",1,3,3,4,4,4,2
"1913",7567338,18,"male",1,2,2,4,3,3,4
"1914",7567478,20,"male",1,2,2,4,3,4,2
"1915",7392377,18,"female",1,3,2,2,4,4,2
"1916",7567485,19,"female",0,4,1,1,4,4,1
"1917",7567587,20,"male",0,3,4,5,3,4,2
"1918",7567754,19,"male",1,3,2,4,3,3,2
"1919",7567815,18,"female",1,5,2,1,4,5,1
"1920",7572704,20,"female",0,3,2,4,4,5,2
"1921",7572749,19,"female",1,2,4,2,4,5,2
"1922",7572860,18,"female",1,4,2,3,3,4,2
"1923",7572926,19,"male",1,4,2,3,4,4,3
"1924",7573002,22,"male",1,4,2,3,4,4,3
"1925",7603245,20,"male",1,2,3,4,4,4,2
"1926",7392517,18,"female",1,2,3,3,3,4,2
"1927",7603261,19,"female",1,3,4,4,4,3,2
"1928",7603664,18,"female",1,3,4,4,2,3,2
"1929",7603746,18,"male",1,3,3,4,4,4,2
"1930",7603926,18,"male",0,4,2,2,3,4,4
"1931",7603965,21,"male",1,2,2,2,4,4,3
"1932",7604098,18,"female",1,4,2,3,3,4,2
"1933",7604153,18,"male",0,3,2,2,3,5,2
"1934",7604176,19,"male",1,3,1,2,3,4,1
"1935",7612627,18,"female",1,2,2,5,4,2,4
"1936",7612669,19,"male",1,2,2,2,3,4,3
"1937",7612707,20,"male",1,1,2,3,4,4,2
"1938",7612798,18,"female",1,2,2,4,3,4,2
"1939",7612849,18,"female",1,2,4,2,3,3,2
"1940",7612909,18,"male",1,NA,2,3,2,4,3
"1941",7612916,19,"female",1,3,4,3,2,5,4
"1942",7630889,20,"male",0,4,3,3,4,4,5
"1943",7631103,18,"male",1,4,1,2,5,5,3
"1944",7397194,18,"female",1,4,2,3,4,3,3
"1945",7397324,18,"female",1,4,3,4,5,3,4
"1946",7397325,18,"female",1,2,3,4,2,2,4
"1947",7397396,18,"female",0,4,3,2,2,3,2
"1948",7397397,18,"female",1,2,2,2,4,4,2
"1949",7397559,18,"female",1,1,2,3,4,4,3
"1950",7380473,18,"male",1,3,2,2,4,4,2
"1951",7397557,18,"female",1,4,3,3,2,3,3
"1952",7397693,18,"female",1,2,2,4,2,2,3
"1953",7397688,18,"male",1,2,3,2,3,4,2
"1954",7407086,18,"male",1,4,4,4,2,4,2
"1955",7407084,19,"female",0,3,2,4,2,2,3
"1956",7407270,18,"female",1,3,2,4,3,3,3
"1957",7407328,18,"male",1,2,4,5,2,5,2
"1958",7407327,18,"female",1,3,3,4,4,3,2
"1959",7407447,19,"male",1,4,2,4,4,2,2
"1960",7407534,18,"female",1,2,3,5,3,2,4
"1961",7380623,19,"male",1,4,2,4,4,4,2
"1962",7407701,18,"female",0,2,4,3,3,2,4
"1963",7407692,21,"female",1,4,2,2,3,3,3
"1964",7407780,19,"female",1,2,2,3,4,4,4
"1965",7413283,18,"female",1,2,3,4,2,1,3
"1966",7413284,18,"female",1,4,2,2,4,1,2
"1967",7413330,20,"male",1,3,2,2,4,4,2
"1968",7413331,18,"female",1,4,2,2,4,4,1
"1969",7413429,20,"female",1,2,2,5,3,2,3
"1970",7413428,21,"female",1,2,5,2,4,5,3
"1971",7413575,18,"female",0,2,3,3,3,3,3
"1972",7380624,18,"female",0,2,4,4,3,3,4
"1973",7428367,18,"female",1,2,2,4,2,2,4
"1974",7428424,19,"male",1,4,2,4,2,3,2
"1975",7428430,18,"female",1,2,2,4,2,4,1
"1976",7428512,18,"female",1,4,3,4,1,2,2
"1977",7428513,19,"female",1,2,2,2,3,4,2
"1978",7428617,18,"female",0,2,2,2,3,4,4
"1979",7428713,19,"female",1,3,2,4,3,4,2
"1980",7428714,18,"female",1,4,2,4,3,5,3
"1981",7380763,19,"female",1,3,2,2,3,2,4
"1982",7437677,18,"female",1,4,2,2,4,4,4
"1983",7437678,18,"male",0,2,3,4,3,3,2
"1984",7437796,18,"female",0,1,2,3,2,2,4
"1985",7437797,18,"female",1,4,4,3,2,3,4
"1986",7437937,19,"female",1,1,2,3,2,5,4
"1987",7438163,18,"female",1,3,2,4,3,4,2
"1988",7444370,18,"female",0,4,4,5,2,2,4
"1989",7444389,19,"female",0,4,4,2,4,2,4
"1990",7444388,18,"female",1,3,2,3,3,4,3
"1991",7444367,18,"female",1,3,3,4,3,4,4
"1992",7392224,18,"male",1,1,3,4,2,4,2
"1993",7444492,19,"female",0,3,4,2,2,2,4
"1994",7444527,20,"female",0,2,4,5,3,3,4
"1995",7444528,18,"female",1,2,2,3,2,3,3
"1996",7459911,18,"male",1,4,2,2,4,4,2
"1997",7459912,18,"female",1,2,4,4,2,2,2
"1998",7460029,18,"female",0,3,2,2,3,4,2
"1999",7460027,18,"female",1,2,2,4,2,4,3
"2000",7460355,20,"female",1,4,2,2,4,3,2
"2001",7392222,18,"female",1,2,1,5,3,5,2
"2002",7474665,18,"female",1,2,2,4,3,4,3
"2003",7474710,19,"male",0,4,3,4,4,2,4
"2004",7474770,20,"female",0,3,2,5,3,2,2
"2005",7474829,19,"female",1,2,4,3,4,3,2
"2006",7474852,18,"female",1,4,1,4,3,4,2
"2007",7483561,19,"female",1,2,3,4,4,3,2
"2008",7483556,18,"male",1,3,2,4,4,4,1
"2009",7483691,18,"female",1,2,5,5,4,4,1
"2010",7483769,18,"female",1,4,2,3,3,3,2
"2011",7483860,26,"female",0,4,2,2,4,5,3
"2012",7483914,18,"female",1,4,2,3,2,4,3
"2013",7490394,18,"female",1,2,2,2,2,4,4
"2014",7501745,20,"female",1,2,3,4,2,4,4
"2015",7501957,21,"male",1,2,1,2,4,5,2
"2016",7502045,18,"male",1,2,3,4,3,3,3
"2017",7502085,19,"female",1,2,2,4,4,4,3
"2018",7522048,18,"female",1,4,2,2,3,4,3
"2019",7522474,18,"female",1,3,3,4,3,2,4
"2020",7522760,18,"female",1,2,2,5,4,4,3
"2021",7530073,19,"female",0,3,1,2,3,4,2
"2022",7530161,18,"female",1,2,3,3,2,3,2
"2023",7530315,18,"female",1,4,2,5,3,4,4
"2024",7538645,19,"female",0,1,3,5,3,4,2
"2025",7538695,18,"male",0,3,4,4,3,2,2
"2026",7538696,19,"female",1,3,3,4,2,4,4
"2027",7538827,19,"male",1,2,2,2,4,3,4
"2028",7543257,18,"female",1,3,2,2,4,4,2
"2029",7543412,19,"female",1,2,4,2,3,5,2
"2030",7543524,19,"female",1,1,2,5,2,4,2
"2031",7543673,24,"male",1,2,3,4,4,4,3
"2032",7603394,NA,NA,0,NA,NA,NA,NA,NA,NA
"2033",7428303,18,"female",1,2,3,4,2,2,4
"2034",7392345,19,"female",1,2,2,4,4,2,2
"2035",7460162,19,"female",0,2,4,3,3,3,3
"2036",7428304,19,"male",1,2,2,2,4,5,3
"2037",7392354,18,"female",1,3,4,2,3,3,4
"2038",7397229,18,"male",1,2,2,5,4,4,1
"2039",7460128,18,"female",1,2,4,4,3,3,4
"2040",7385064,20,"female",1,2,2,2,4,5,2
"2041",7410598,20,"female",1,2,1,3,4,4,2
"2042",7410738,20,"female",1,3,2,3,3,4,1
"2043",7415199,34,"female",1,1,3,4,4,2,4
"2044",7415198,39,"female",1,4,2,3,3,4,1
"2045",7415311,21,"male",0,2,2,4,4,5,2
"2046",7420478,20,"male",1,2,2,3,2,4,3
"2047",7423399,19,"female",1,3,3,2,5,3,2
"2048",7426120,18,"female",0,4,1,4,2,4,4
"2049",7428394,18,"male",0,4,1,3,5,5,2
"2050",7385139,18,"female",1,2,2,4,3,3,2
"2051",7435392,19,"male",1,2,5,2,3,4,3
"2052",7438244,24,"female",0,1,1,4,2,4,4
"2053",7447121,22,"female",1,3,3,3,3,3,3
"2054",7452090,18,"female",1,2,2,4,2,4,4
"2055",7454951,21,"female",1,3,1,2,2,4,1
"2056",7457947,21,"female",0,4,3,4,2,4,4
"2057",7460233,20,"male",1,2,1,1,4,5,3
"2058",7462678,20,"female",0,4,2,2,4,4,3
"2059",7472645,21,"female",1,4,2,4,4,3,2
"2060",7472643,19,"female",1,2,2,3,3,2,2
"2061",7474853,23,"female",0,1,5,3,4,5,5
"2062",7474858,23,"female",1,2,3,4,3,3,3
"2063",7481513,19,"female",1,3,2,2,3,3,3
"2064",7481621,20,"female",1,3,2,4,3,4,4
"2065",7483702,22,"female",1,4,2,3,2,4,2
"2066",7483700,22,"female",1,4,2,4,3,4,5
"2067",7483940,22,"female",0,3,1,2,2,4,3
"2068",7395265,18,"female",1,1,5,4,2,2,4
"2069",7483911,20,"female",1,2,3,2,4,1,4
"2070",7528016,19,"female",1,3,4,4,5,4,2
"2071",7536397,19,"female",0,3,4,3,3,4,4
"2072",7545083,23,"female",0,2,2,4,2,2,4
"2073",7545080,19,"female",1,3,1,2,3,3,5
"2074",7545150,32,"female",0,2,3,4,4,3,2
"2075",7558593,19,"male",0,1,2,4,4,3,4
"2076",7558666,18,"female",0,1,3,4,2,3,3
"2077",7558732,20,"female",1,3,2,2,2,2,3
"2078",7397408,20,"female",1,2,2,4,2,2,2
"2079",7559047,20,"male",1,1,1,1,5,5,1
"2080",7563613,18,"female",0,2,1,5,4,4,3
"2081",7567423,22,"male",0,3,1,5,5,5,1
"2082",7567425,21,"male",0,5,5,5,4,5,4
"2083",7567526,22,"male",0,2,4,3,4,4,2
"2084",7567638,20,"female",1,3,2,2,4,4,1
"2085",7567874,21,"female",0,4,2,2,4,4,3
"2086",7571036,18,"female",1,4,1,2,4,4,2
"2087",7571093,41,"male",0,1,4,2,3,4,3
"2088",7399450,20,"female",0,4,2,4,2,4,2
"2089",7571172,19,"male",1,3,2,2,3,4,2
"2090",7574398,22,"female",0,3,3,5,5,5,1
"2091",7574523,19,"female",1,2,4,5,1,1,3
"2092",7574589,19,"female",0,4,1,4,3,3,2
"2093",7574585,20,"female",0,3,4,4,4,3,3
"2094",7574639,21,"female",0,2,4,3,3,3,3
"2095",7574820,19,"female",0,1,1,5,1,3,3
"2096",7574821,19,"female",1,4,1,4,4,4,1
"2097",7574878,20,"male",1,1,2,4,3,2,2
"2098",7597063,21,"female",1,3,2,3,4,2,4
"2099",7399538,21,"male",1,2,2,4,3,5,4
"2100",7597202,22,"female",0,5,1,1,5,5,3
"2101",7597424,19,"male",1,4,2,5,2,3,5
"2102",7597567,25,"female",1,3,1,2,4,4,3
"2103",7597810,19,"female",0,3,2,2,3,4,3
"2104",7597912,20,"female",0,2,2,4,2,3,2
"2105",7598931,20,"female",1,3,1,4,4,4,3
"2106",7609168,19,"female",1,2,4,4,2,3,4
"2107",7609392,18,"female",1,2,4,4,2,4,4
"2108",7407806,19,"female",0,3,3,3,3,3,3
"2109",7609415,20,"female",1,5,1,5,5,5,1
"2110",7609482,20,"male",0,3,4,4,3,2,3
"2111",7609509,22,"female",1,3,3,4,2,3,2
"2112",7609574,20,"female",1,1,2,4,2,3,3
"2113",7609571,18,"female",0,3,2,4,4,4,2
"2114",7609592,18,"female",1,3,2,5,3,2,3
"2115",7609675,19,"male",1,3,2,3,2,4,3
"2116",7611771,22,"female",0,3,2,3,3,4,3
"2117",7612100,20,"female",1,2,3,4,4,4,3
"2118",7611991,23,"female",1,3,2,4,3,4,2
"2119",7410599,18,"female",1,1,2,2,3,3,4
"2120",7612315,23,"female",1,2,2,4,4,4,2
"2121",7612318,23,"female",0,3,3,3,3,3,3
"2122",7428396,18,"male",1,4,4,3,4,4,2
"2123",7395197,19,"male",0,5,1,1,1,4,1
"2124",7413267,21,"female",1,3,2,4,4,4,2
"2125",7609245,20,"female",1,1,4,4,2,4,3
"2126",7559049,20,"male",1,3,2,4,4,4,2
"2127",7609241,20,"female",1,2,2,4,4,2,3
"2128",7483773,20,"female",1,2,4,4,2,4,3
"2129",7438101,18,"female",1,4,5,5,5,2,1
"2130",7438372,21,"male",1,3,4,4,2,3,3
"2131",7438377,17,"female",1,2,3,4,2,1,4
"2132",7440552,18,"female",0,3,3,2,3,3,2
"2133",7440600,21,"female",1,3,2,2,4,4,2
"2134",7440825,18,"male",1,4,2,3,4,4,2
"2135",7440827,21,"male",0,2,2,2,4,3,2
"2136",7441049,18,"female",1,4,2,4,3,4,2
"2137",7441050,20,"male",1,2,2,4,4,4,2
"2138",7441326,18,"female",0,3,2,4,3,4,2
"2139",7443696,NA,"female",0,3,4,4,3,4,4
"2140",7451145,NA,"male",1,4,2,4,4,4,5
"2141",7451250,17,"female",1,4,3,4,2,1,4
"2142",7451397,18,"female",0,2,3,4,3,2,4
"2143",7451394,20,"female",1,2,4,4,3,2,2
"2144",7454047,21,"female",1,4,2,3,3,4,2
"2145",7454233,19,"male",0,2,4,4,2,3,4
"2146",7443469,18,"male",0,2,2,4,3,2,3
"2147",7454365,18,"male",1,2,4,5,2,5,2
"2148",7454527,19,"female",1,4,3,4,4,1,2
"2149",7454526,18,"female",1,4,2,3,1,4,4
"2150",7454683,20,"male",0,3,3,2,3,3,3
"2151",7454697,19,"female",0,2,2,4,4,4,2
"2152",7454948,20,"female",1,4,2,4,2,4,2
"2153",7454928,NA,"female",1,3,1,3,3,4,2
"2154",7455171,18,"female",1,3,1,4,2,4,2
"2155",7455179,19,"female",1,3,4,4,4,2,4
"2156",7460336,19,"female",1,3,3,2,2,3,4
"2157",7466362,21,"female",0,3,2,1,4,4,2
"2158",7466357,18,"female",1,3,2,4,2,3,2
"2159",7558634,19,"male",1,4,5,4,2,5,5
"2160",7570282,19,"female",1,2,3,4,4,2,2
"2161",7570679,18,"male",0,NA,2,4,3,2,4
"2162",7570952,20,"female",1,2,3,4,2,4,4
"2163",7578497,21,"male",1,4,2,3,3,3,2
"2164",7578483,18,"female",1,3,2,3,2,3,4
"2165",7580851,19,"male",0,4,3,3,4,4,3
"2166",7581247,18,"female",1,4,2,2,4,4,2
"2167",7581250,18,"female",1,1,3,2,2,1,3
"2168",7581401,20,"female",1,2,2,3,3,4,2
"2169",7581402,18,"male",1,4,2,3,4,5,2
"2170",7583880,18,"female",1,4,3,4,2,3,2
"2171",7583890,45,"female",0,3,4,4,4,4,3
"2172",7584075,17,"male",1,3,2,4,3,5,2
"2173",7584105,18,"female",1,4,2,2,4,4,2
"2174",7584337,21,"male",0,3,1,4,4,4,2
"2175",7584293,20,"female",1,3,2,4,4,3,4
"2176",7590905,19,"female",0,3,4,2,4,4,2
"2177",7590995,18,"female",1,4,2,3,4,5,5
"2178",7437651,18,"female",1,2,1,4,3,5,4
"2179",7596796,18,"female",0,4,1,5,5,5,1
"2180",7596987,18,"female",1,4,2,4,3,3,4
"2181",7596988,26,"male",1,4,2,3,3,5,3
"2182",7603361,23,"female",1,4,2,2,4,4,2
"2183",7603358,18,"male",1,2,2,3,3,4,3
"2184",7603751,20,"male",1,3,2,2,4,5,4
"2185",7603004,20,"male",1,4,2,4,2,2,5
"2186",7437886,18,"female",1,2,4,4,3,3,3
"2187",7603011,19,"male",1,4,1,4,4,5,4
"2188",7607753,21,"male",1,2,1,4,3,1,3
"2189",7608910,18,"female",1,1,4,4,3,4,4
"2190",7611603,20,"female",0,4,2,2,4,3,2
"2191",7611800,20,"male",1,2,2,2,4,4,2
"2192",7438106,19,"male",1,4,2,2,4,3,2
"2193",7603738,23,"female",1,2,3,2,3,4,3
"2194",7603844,19,"male",0,3,3,3,3,3,3
"2195",7459580,NA,"female",1,3,2,4,3,4,2
"2196",7459848,20,"female",0,2,2,4,2,2,4
"2197",7597541,20,"female",1,3,1,2,4,4,2
"2198",7602411,20,"female",1,2,1,4,3,4,2
"2199",7584401,18,"female",1,3,3,4,2,3,3
"2200",7570546,19,"male",1,2,2,2,3,4,2
"2201",7466472,18,"female",1,4,2,4,3,3,2
"2202",7580832,18,"male",1,3,2,5,2,5,4
"2203",7581061,18,"female",1,4,4,3,4,5,4
"2204",7466806,20,"female",0,3,4,4,3,2,2
"2205",7591103,NA,NA,0,1,1,4,3,5,2
"2206",7451266,18,"female",1,4,4,4,2,3,3
"2207",7580608,19,"female",0,3,2,4,3,3,3
"2208",7469672,17,"female",1,4,3,4,2,3,2
"2209",7596832,NA,NA,1,3,2,4,3,2,2
"2210",7501373,19,"male",1,2,2,2,4,3,3
"2211",7501372,18,"female",1,4,2,4,4,3,2
"2212",7501450,18,"female",1,2,4,3,2,4,3
"2213",7501425,18,"male",1,4,2,1,4,3,1
"2214",7501423,18,"female",1,2,2,3,3,4,3
"2215",7501652,NA,NA,0,3,2,4,3,3,2
"2216",7501611,18,"female",0,4,2,3,3,2,2
"2217",7501598,21,"female",1,3,2,4,4,4,2
"2218",7501795,18,"female",1,4,2,4,2,4,2
"2219",7501910,18,"male",1,2,2,4,4,4,3
"2220",7501912,19,"male",1,4,2,3,3,4,4
"2221",7501913,19,"male",0,4,2,5,3,4,2
"2222",7507129,18,"female",1,3,2,3,2,4,4
"2223",7507126,18,"male",1,3,4,4,3,3,4
"2224",7507256,18,"male",1,3,2,4,4,4,2
"2225",7507255,18,"female",1,5,1,3,4,5,2
"2226",7507259,21,"female",1,2,2,4,3,4,4
"2227",7507374,18,"female",1,3,2,3,3,3,2
"2228",7507383,20,"female",1,2,3,4,3,4,2
"2229",7410028,18,"female",1,3,3,3,3,4,2
"2230",7507540,18,NA,0,2,3,4,4,2,2
"2231",7507527,19,"female",1,2,2,2,4,4,4
"2232",7507639,18,"female",1,3,4,4,2,3,2
"2233",7507638,18,"male",0,1,2,4,2,2,4
"2234",7507804,18,"female",1,2,3,4,3,4,3
"2235",7507802,19,"female",1,4,3,3,4,2,5
"2236",7507806,19,"female",1,3,2,4,3,5,3
"2237",7527605,18,"female",0,2,4,4,2,4,3
"2238",7527610,20,"female",1,2,2,4,3,1,2
"2239",7527611,18,"female",1,1,1,3,4,4,3
"2240",7410026,19,"female",1,2,4,4,3,4,5
"2241",7531806,19,"female",1,4,3,3,2,4,3
"2242",7531807,19,"female",1,2,2,4,4,4,3
"2243",7531954,18,"male",1,4,2,3,3,4,3
"2244",7531970,19,"female",1,3,1,2,4,4,2
"2245",7531953,19,"male",1,3,2,4,2,3,3
"2246",7532043,NA,NA,0,NA,NA,NA,NA,NA,NA
"2247",7532028,18,"male",1,3,2,4,2,5,3
"2248",7532099,18,"female",1,3,2,3,3,2,2
"2249",7532109,20,"female",0,3,1,2,4,5,2
"2250",7532100,19,"male",1,3,2,3,4,3,2
"2251",7532173,19,NA,1,2,3,3,2,3,2
"2252",7532159,18,"female",1,4,2,3,4,4,2
"2253",7532161,20,"female",1,4,2,2,4,2,2
"2254",7532226,19,"male",0,1,2,5,3,4,4
"2255",7538373,18,"male",1,3,2,3,3,3,2
"2256",7538372,18,"male",1,3,2,4,3,2,3
"2257",7538371,19,"female",1,3,4,4,3,3,4
"2258",7538455,NA,NA,0,NA,NA,NA,NA,NA,NA
"2259",7538454,19,"female",1,2,2,4,3,2,2
"2260",7538453,18,"female",1,4,2,4,3,3,2
"2261",7538590,18,"female",0,2,2,2,4,5,2
"2262",7538670,22,"female",1,2,1,2,4,3,4
"2263",7538667,19,"male",1,3,2,2,3,4,2
"2264",7538668,20,"female",1,2,1,4,3,2,3
"2265",7538790,20,"male",1,4,2,4,3,4,5
"2266",7538745,19,"male",0,4,1,1,4,4,1
"2267",7556719,18,"male",1,3,2,4,3,4,2
"2268",7556729,18,"female",0,4,2,2,3,4,2
"2269",7556856,20,"female",1,2,4,5,2,1,5
"2270",7556880,18,"male",0,4,4,4,4,2,1
"2271",7556961,20,"male",1,2,2,3,4,4,3
"2272",7556959,18,"female",1,3,2,4,2,3,2
"2273",7556957,19,"female",1,4,2,4,3,4,4
"2274",7557009,18,"female",0,4,2,4,3,5,3
"2275",7557013,18,"female",1,3,3,3,3,3,3
"2276",7558280,20,"male",1,2,1,4,3,3,2
"2277",7558377,NA,NA,0,4,2,2,3,5,4
"2278",7558272,18,"female",0,3,3,2,4,4,4
"2279",7410213,21,"male",0,3,4,4,4,1,1
"2280",7558365,18,"male",0,3,2,3,2,4,1
"2281",7558357,20,"male",1,2,2,2,3,5,2
"2282",7558461,18,"male",0,3,2,4,2,2,4
"2283",7558492,18,"female",1,5,4,5,3,3,2
"2284",7558478,18,"female",0,2,2,3,4,4,4
"2285",7570580,19,"female",1,2,2,3,3,4,4
"2286",7570750,18,"female",1,2,3,4,2,2,2
"2287",7570753,19,"female",1,4,1,3,4,4,1
"2288",7572942,19,"male",0,4,2,1,3,3,3
"2289",7572940,19,"female",1,2,2,3,2,5,1
"2290",7572941,19,"male",0,4,2,4,2,4,2
"2291",7573013,23,"female",0,3,1,3,4,4,4
"2292",7573034,18,"female",0,3,2,2,4,4,3
"2293",7573104,20,"male",1,3,1,2,4,4,2
"2294",7573086,18,"female",1,2,2,3,4,4,3
"2295",7410299,23,"female",1,4,2,3,3,3,2
"2296",7603536,19,"male",1,3,2,2,4,3,2
"2297",7603538,18,"male",0,4,2,2,3,4,3
"2298",7603832,18,"female",0,4,2,4,4,4,3
"2299",7603739,18,"female",1,3,2,4,2,4,3
"2300",7607954,18,"male",1,4,2,3,4,4,2
"2301",7608153,19,"female",1,5,3,5,3,1,3
"2302",7608320,19,"male",0,4,3,3,3,4,2
"2303",7608313,18,"male",0,4,2,2,4,4,2
"2304",7410301,18,"male",1,2,2,4,2,4,2
"2305",7608513,19,"male",0,4,4,2,4,4,2
"2306",7608501,19,"female",1,4,1,4,3,4,3
"2307",7616017,18,"female",1,1,3,4,2,3,3
"2308",7616170,18,"female",1,3,3,3,4,4,3
"2309",7616185,20,"male",1,4,1,3,4,4,2
"2310",7419677,18,"female",1,4,3,2,2,4,4
"2311",7419676,18,"female",0,4,1,2,5,5,2
"2312",7419761,18,"female",1,3,4,4,3,4,3
"2313",7419763,18,"female",1,2,2,2,3,4,3
"2314",7419891,19,"male",1,4,4,4,3,1,2
"2315",7419890,18,"female",1,3,2,3,4,4,2
"2316",7419930,18,"female",1,2,3,5,2,2,2
"2317",7420011,19,"male",1,2,4,4,2,3,2
"2318",7420009,20,"male",1,5,2,4,4,2,1
"2319",7425423,19,"female",1,3,2,4,3,4,2
"2320",7425593,18,"female",1,2,3,4,3,3,4
"2321",7425676,18,"male",1,4,4,3,4,3,4
"2322",7425774,19,"female",1,1,3,5,2,2,4
"2323",7425768,18,"male",1,4,2,3,4,4,2
"2324",7443910,18,"female",1,2,2,5,2,5,3
"2325",7443907,17,"female",1,3,2,3,4,4,2
"2326",7443906,18,"female",1,4,3,3,3,2,2
"2327",7444171,18,"female",1,3,2,4,4,4,2
"2328",7444331,18,"female",1,3,4,3,3,3,2
"2329",7444329,20,"female",1,5,1,2,4,4,1
"2330",7444441,18,"female",1,4,3,5,2,2,4
"2331",7444444,18,"female",1,4,2,4,2,3,1
"2332",7444438,18,"male",1,3,4,2,4,4,2
"2333",7459818,18,"male",1,1,3,4,2,2,3
"2334",7459816,18,"female",1,4,2,1,4,4,1
"2335",7459821,18,"female",1,2,2,3,4,4,3
"2336",7459922,18,"female",1,2,2,2,4,5,3
"2337",7459921,18,"female",1,4,4,4,2,2,2
"2338",7460061,18,"female",1,2,3,4,3,4,3
"2339",7460213,20,"male",1,2,2,1,3,5,5
"2340",7460204,18,"female",1,4,3,4,2,4,4
"2341",7460171,18,"female",1,3,2,4,2,3,4
"2342",7466476,18,"female",1,4,5,4,3,2,2
"2343",7466477,19,"male",0,4,2,2,4,4,2
"2344",7466719,18,"male",0,3,2,2,4,4,2
"2345",7476455,20,"female",1,2,2,3,2,3,1
"2346",7476457,18,"female",1,4,2,2,4,4,4
"2347",7476456,18,"male",0,2,4,4,3,4,3
"2348",7476505,19,"female",1,2,2,4,3,4,2
"2349",7476507,18,"female",1,4,2,3,3,5,3
"2350",7476605,18,"female",1,3,2,4,5,2,1
"2351",7476683,18,"male",1,3,2,4,3,2,4
"2352",7476726,18,"female",1,2,2,4,4,3,2
"2353",7476808,19,"male",0,3,2,2,4,4,3
"2354",7476812,19,"male",1,3,3,3,4,2,2
"2355",7487034,18,"male",1,4,1,3,4,4,1
"2356",7409762,21,"female",0,3,2,2,4,2,2
"2357",7487027,19,"male",1,3,1,4,2,4,4
"2358",7487030,17,"male",1,2,2,4,3,4,4
"2359",7487162,19,"female",0,4,4,3,2,2,4
"2360",7487165,21,"male",1,3,2,3,4,2,3
"2361",7487309,19,"female",1,2,3,4,3,4,4
"2362",7490050,19,"male",1,2,2,4,2,4,4
"2363",7490028,22,"female",1,2,3,4,3,3,2
"2364",7490133,20,"male",1,2,2,4,3,4,2
"2365",7492472,18,"female",1,4,2,2,4,4,2
"2366",7492476,18,"female",0,3,3,4,5,3,1
"2367",7492602,20,"male",1,2,2,2,2,4,2
"2368",7492588,18,"female",0,2,2,2,4,4,2
"2369",7492589,17,"male",1,2,2,2,4,4,2
"2370",7492678,19,"female",1,3,1,4,4,3,3
"2371",7492676,18,"female",1,1,2,3,2,3,3
"2372",7413425,19,"male",0,3,1,1,5,5,2
"2373",7611489,22,"female",1,2,4,2,3,4,2
"2374",7612019,19,"female",1,2,4,2,4,5,1
"2375",7612354,18,"female",1,2,3,4,2,4,3
"2376",7612612,19,"male",1,2,2,4,3,5,4
"2377",7413658,19,"male",1,4,2,4,2,4,1
"2378",7415523,18,"female",0,3,2,4,3,4,3
"2379",7420080,18,"female",1,2,1,3,5,5,4
"2380",7420168,21,"male",1,4,2,4,3,4,3
"2381",7420576,21,"male",1,4,2,4,4,2,4
"2382",7423298,19,"female",1,4,2,5,5,5,3
"2383",7425121,18,"female",1,3,2,2,3,4,2
"2384",7428444,18,"female",1,3,2,2,4,5,1
"2385",7428580,18,"female",1,2,2,3,3,4,3
"2386",7430964,22,"female",0,1,2,2,3,4,2
"2387",7434527,20,"female",1,3,2,3,2,4,2
"2388",7434602,18,"female",1,4,2,4,3,4,4
"2389",7434719,20,"female",1,3,2,4,2,5,4
"2390",7441337,18,"male",1,4,3,2,4,5,2
"2391",7444248,22,"male",1,4,2,4,4,3,2
"2392",7446487,18,"male",0,2,2,5,5,2,4
"2393",7451242,21,"female",0,3,3,3,2,2,3
"2394",7454556,24,"female",0,2,2,3,3,4,3
"2395",7457742,18,"female",0,5,1,4,5,4,1
"2396",7460201,18,"female",1,3,3,4,4,4,3
"2397",7462163,21,"male",1,2,1,1,4,5,1
"2398",7462280,18,"female",1,4,2,4,2,3,2
"2399",7466716,18,"male",0,3,2,3,4,4,1
"2400",7466865,18,"female",0,2,3,3,3,4,2
"2401",7472080,21,"male",1,3,2,4,4,4,2
"2402",7472450,18,"male",1,2,1,4,4,5,3
"2403",7472589,18,"male",1,3,3,2,4,4,3
"2404",7472611,20,"female",1,2,2,4,3,4,2
"2405",7474158,18,"male",0,1,1,2,4,4,3
"2406",7474269,17,"female",1,2,2,4,4,4,2
"2407",7474386,18,"female",0,4,2,3,2,3,2
"2408",7474586,18,"male",1,3,1,2,5,5,2
"2409",7474683,18,"female",1,3,1,3,3,1,3
"2410",7474682,18,"female",1,4,2,3,4,4,2
"2411",7476218,18,"female",0,2,2,4,2,3,2
"2412",7476271,19,"female",1,1,2,3,2,3,2
"2413",7476275,18,"male",0,2,2,2,4,4,4
"2414",7476426,19,"male",1,3,3,4,4,3,3
"2415",7476423,23,"male",1,1,1,2,4,5,2
"2416",7476490,22,"female",1,4,3,5,3,5,1
"2417",7481221,18,"female",1,4,2,4,4,4,3
"2418",7481455,18,"female",0,3,2,3,4,5,2
"2419",7481504,18,"female",1,4,2,3,2,2,3
"2420",7483811,18,"male",0,3,4,5,3,3,2
"2421",7483925,18,"female",1,3,4,5,1,1,3
"2422",7486360,18,"male",1,1,4,4,3,3,1
"2423",7486646,18,"female",0,2,4,4,4,4,4
"2424",7487029,18,"female",0,3,2,3,3,4,3
"2425",7487052,18,"female",0,4,2,2,2,2,4
"2426",7487220,19,"female",0,4,1,1,4,4,2
"2427",7487221,22,"male",0,3,1,1,5,5,3
"2428",7487402,19,"female",1,3,2,2,3,4,2
"2429",7487695,19,"female",0,1,3,4,1,1,2
"2430",7487905,19,"female",1,3,2,4,3,3,2
"2431",7487967,18,"male",1,3,3,4,3,3,5
"2432",7488034,19,"male",1,4,2,2,4,4,3
"2433",7409445,19,"female",1,3,2,4,3,4,2
"2434",7504104,19,"male",1,3,2,1,4,4,1
"2435",7504303,18,"female",1,3,2,2,3,3,2
"2436",7507387,19,"male",1,3,2,5,4,4,1
"2437",7510332,18,"female",1,4,3,4,4,3,4
"2438",7529590,18,"female",1,4,2,4,4,4,1
"2439",7530149,18,"female",1,3,3,5,3,4,5
"2440",7532013,18,"female",0,3,4,4,2,3,4
"2441",7532112,18,"female",0,2,4,4,3,3,3
"2442",7532224,18,"female",0,3,4,2,2,3,3
"2443",7409493,43,"male",1,3,2,2,3,3,2
"2444",7542893,22,"male",1,4,2,1,4,3,3
"2445",7544846,19,"female",1,4,2,3,2,4,3
"2446",7549807,19,"male",0,2,2,4,3,4,2
"2447",7549989,19,"female",1,2,2,4,3,5,1
"2448",7550136,17,"female",1,4,3,4,4,3,2
"2449",7551542,19,"female",1,4,1,4,4,3,3
"2450",7553722,20,"female",1,4,1,2,4,5,1
"2451",7553817,29,"female",0,4,2,5,5,5,2
"2452",7556049,18,"male",0,3,3,4,2,4,3
"2453",7556430,19,"male",1,4,3,3,3,3,3
"2454",7556590,18,"female",1,4,2,2,4,5,2
"2455",7556787,20,"male",1,NA,4,3,3,3,4
"2456",7563450,20,"female",0,4,5,3,2,1,4
"2457",7566910,19,"male",0,3,2,4,4,3,2
"2458",7572316,18,"female",1,3,2,1,2,2,4
"2459",7572447,21,"male",0,4,2,2,3,4,2
"2460",7597477,20,"female",0,2,4,1,4,4,1
"2461",7572843,18,"female",1,4,2,3,4,5,2
"2462",7530275,19,"female",1,4,2,4,1,4,3
"2463",7413230,18,"female",0,4,1,3,3,5,3
"2464",7425759,18,"female",0,3,4,4,3,3,4
"2465",7474593,18,"female",1,4,4,5,2,3,3
"2466",7572752,149,"female",1,3,2,4,3,4,3
